caller_entry	caller_name	callee_entry	callee_name	callee_is_external
00401120	FUN_00401120	00401140	FUN_00401140	false
00401120	FUN_00401120	0040bddc	Ordinal_731	false
00401140	FUN_00401140	0040bddc	Ordinal_731	false
00401140	FUN_00401140	004011ae	FUN_004011ae	false
004011ae	FUN_004011ae	00401640	FUN_00401640	false
004011c0	FUN_004011c0	0040bdf4	Ordinal_2456	false
004011c0	FUN_004011c0	0040bde8	Ordinal_2403	false
004011c0	FUN_004011c0	0040bdca	Ordinal_729	false
004011c0	FUN_004011c0	0040bdee	Ordinal_5656	false
004011c0	FUN_004011c0	0040bde2	Ordinal_4817	false
004011c0	FUN_004011c0	0040bddc	Ordinal_731	false
004012c0	FUN_004012c0	004014b8	FUN_004014b8	false
004012c0	FUN_004012c0	0040be3c	Ordinal_336	false
004012c0	FUN_004012c0	0040bdca	Ordinal_729	false
004012c0	FUN_004012c0	0040be12	Ordinal_1725	false
004012c0	FUN_004012c0	0040be42	Ordinal_340	false
004012c0	FUN_004012c0	0040bddc	Ordinal_731	false
004012c0	FUN_004012c0	0040be30	Ordinal_762	false
004012c0	FUN_004012c0	004014a6	FUN_004014a6	false
004012c0	FUN_004012c0	0040be1e	Ordinal_1061	false
004012c0	FUN_004012c0	0040be2a	Ordinal_4619	false
004012c0	FUN_004012c0	0040be18	Ordinal_4819	false
004012c0	FUN_004012c0	0040be36	Ordinal_486	false
004012c0	FUN_004012c0	0040be24	Ordinal_5003	false
004014a6	FUN_004014a6	004017d0	FUN_004017d0	false
004014b8	FUN_004014b8	0040be06	Ordinal_592	false
004014f0	FUN_004014f0	004014c0	FUN_004014c0	false
004014f0	FUN_004014f0	00405340	FUN_00405340	false
00401690	FUN_00401690	004016d7	FUN_004016d7	false
004016d7	FUN_004016d7	00401640	FUN_00401640	false
0040173f	FUN_0040173f	00401640	FUN_00401640	false
004017b2	FUN_004017b2	0040be0c	Ordinal_706	false
004017c7	FUN_004017c7	00401690	FUN_00401690	false
004017d0	FUN_004017d0	0040182f	FUN_0040182f	false
004017d0	FUN_004017d0	0040181a	FUN_0040181a	false
0040181a	FUN_0040181a	0040be0c	Ordinal_706	false
0040182f	FUN_0040182f	00401690	FUN_00401690	false
00401930	FUN_00401930	00401aa0	FUN_00401aa0	false
00401930	FUN_00401930	0040bddc	Ordinal_731	false
00401950	FUN_00401950	00401991	FUN_00401991	false
00401991	FUN_00401991	00402890	Ordinal_4933	false
004019a0	FUN_004019a0	004062b0	FUN_004062b0	false
004019a0	FUN_004019a0	004066c0	FUN_004066c0	false
004019a0	FUN_004019a0	0040bf56	Ordinal_447	false
004019a0	FUN_004019a0	00401b60	FUN_00401b60	false
004019a0	FUN_004019a0	0040bf50	Ordinal_392	false
004019a0	FUN_004019a0	0040be36	Ordinal_486	false
00401aa0	FUN_00401aa0	00401b1a	FUN_00401b1a	false
00401aa0	FUN_00401aa0	00401b36	FUN_00401b36	false
00401aa0	FUN_00401aa0	00401b4e	FUN_00401b4e	false
00401aa0	FUN_00401aa0	00401b0c	FUN_00401b0c	false
00401aa0	FUN_00401aa0	00401b28	FUN_00401b28	false
00401b0c	FUN_00401b0c	0040be0c	Ordinal_706	false
00401b1a	FUN_00401b1a	004063d0	FUN_004063d0	false
00401b28	FUN_00401b28	00406750	FUN_00406750	false
00401b36	FUN_00401b36	00401950	FUN_00401950	false
00401b4e	FUN_00401b4e	0040bf4a	Ordinal_678	false
00401b60	FUN_00401b60	0040bf62	Ordinal_1014	false
00401b60	FUN_00401b60	EXTERNAL:00000107	LoadIconA	true
00401b60	FUN_00401b60	0040bf5c	Ordinal_2293	false
00401b60	FUN_00401b60	0040bf68	Ordinal_1035	false
00401bc0	FUN_00401bc0	004065d0	FUN_004065d0	false
00401bc0	FUN_00401bc0	0040bf74	Ordinal_895	false
00401bc0	FUN_00401bc0	0040bf6e	Ordinal_1835	false
00401c20	FUN_00401c20	0040bf7a	Ordinal_2081	false
00401c20	FUN_00401c20	EXTERNAL:00000105	SendMessageA	true
00401c70	FUN_00401c70	00406f40	FUN_00406f40	false
00401c70	FUN_00401c70	EXTERNAL:00000106	KillTimer	true
00401c70	FUN_00401c70	0040bf7a	Ordinal_2081	false
00401c70	FUN_00401c70	EXTERNAL:00000116	Ordinal_6	true
00401c70	FUN_00401c70	0040bf80	Ordinal_2530	false
00401c70	FUN_00401c70	0040bf5c	Ordinal_2293	false
00401c70	FUN_00401c70	00406e60	FUN_00406e60	false
00401c70	FUN_00401c70	EXTERNAL:000000fa	GetSystemMetrics	true
00401c70	FUN_00401c70	EXTERNAL:00000103	GetWindowRect	true
00401c70	FUN_00401c70	0040bf86	Ordinal_4933	false
00401d70	FUN_00401d70	EXTERNAL:00000101	wsprintfA	true
00401d70	FUN_00401d70	00402380	FUN_00402380	false
00401d70	FUN_00401d70	0040bf8c	Ordinal_3900	false
00401d70	FUN_00401d70	EXTERNAL:00000102	PostMessageA	true
00401df0	FUN_00401df0	0040bf92	Ordinal_5490	false
00401df0	FUN_00401df0	EXTERNAL:00000100	SetTimer	true
00401df0	FUN_00401df0	00406cb0	FUN_00406cb0	false
00401df0	FUN_00401df0	0040bf9e	Ordinal_4178	false
00401df0	FUN_00401df0	EXTERNAL:000000fa	GetSystemMetrics	true
00401df0	FUN_00401df0	EXTERNAL:00000103	GetWindowRect	true
00401df0	FUN_00401df0	0040bf98	Ordinal_5181	false
00401df0	FUN_00401df0	00406dc0	FUN_00406dc0	false
00402050	FUN_00402050	00402440	FUN_00402440	false
00402050	FUN_00402050	00402300	FUN_00402300	false
00402050	FUN_00402050	0040be1e	Ordinal_1061	false
00402050	FUN_00402050	00402200	FUN_00402200	false
004020e0	FUN_004020e0	0040be30	Ordinal_762	false
004020e0	FUN_004020e0	0040bf5c	Ordinal_2293	false
004020e0	FUN_004020e0	00402440	FUN_00402440	false
004020e0	FUN_004020e0	00402300	FUN_00402300	false
00402200	FUN_00402200	00406180	FUN_00406180	false
00402200	FUN_00402200	00406150	FUN_00406150	false
00402280	FUN_00402280	00406180	FUN_00406180	false
00402300	FUN_00402300	004061b0	FUN_004061b0	false
00402380	FUN_00402380	00406120	FUN_00406120	false
00402380	FUN_00402380	00402280	FUN_00402280	false
00402380	FUN_00402380	00402200	FUN_00402200	false
00402440	FUN_00402440	004060f0	FUN_004060f0	false
00402440	FUN_00402440	EXTERNAL:00000116	Ordinal_6	true
0040282f	FUN_0040282f	00401690	FUN_00401690	false
00402890	Ordinal_4933	0040bf86	Ordinal_4933	false
00402970	FUN_00402970	0040c0b2	Ordinal_502	false
00402970	FUN_00402970	0040a230	FUN_0040a230	false
00402970	FUN_00402970	004010b0	FUN_004010b0	false
00402970	FUN_00402970	0040c0be	Ordinal_439	false
00402970	FUN_00402970	00404420	FUN_00404420	false
00402970	FUN_00402970	0040c0ac	Ordinal_487	false
00402970	FUN_00402970	0040be30	Ordinal_762	false
00402970	FUN_00402970	0040c0b8	Ordinal_374	false
00402970	FUN_00402970	004042e0	FUN_004042e0	false
00402970	FUN_00402970	0040c0a0	Ordinal_5439	false
00402970	FUN_00402970	0040c0a6	Ordinal_509	false
00402970	FUN_00402970	004045c0	FUN_004045c0	false
00402970	FUN_00402970	0040be36	Ordinal_486	false
00403130	FUN_00403130	00403150	FUN_00403150	false
00403130	FUN_00403130	0040bddc	Ordinal_731	false
00403150	FUN_00403150	004032fc	FUN_004032fc	false
00403150	FUN_00403150	004033ca	FUN_004033ca	false
00403150	FUN_00403150	004033b2	FUN_004033b2	false
00403150	FUN_00403150	0040330a	FUN_0040330a	false
00403150	FUN_00403150	00403270	FUN_00403270	false
00403150	FUN_00403150	004032a8	FUN_004032a8	false
00403150	FUN_00403150	00403326	FUN_00403326	false
00403150	FUN_00403150	004032ee	FUN_004032ee	false
00403150	FUN_00403150	00403342	FUN_00403342	false
00403150	FUN_00403150	00403396	FUN_00403396	false
00403150	FUN_00403150	0040328c	FUN_0040328c	false
00403150	FUN_00403150	004032b6	FUN_004032b6	false
00403150	FUN_00403150	0040329a	FUN_0040329a	false
00403150	FUN_00403150	00403318	FUN_00403318	false
00403150	FUN_00403150	0040336c	FUN_0040336c	false
00403150	FUN_00403150	00403334	FUN_00403334	false
00403150	FUN_00403150	00403350	FUN_00403350	false
00403150	FUN_00403150	004032c4	FUN_004032c4	false
00403150	FUN_00403150	0040337a	FUN_0040337a	false
00403150	FUN_00403150	00403388	FUN_00403388	false
00403150	FUN_00403150	004033a4	FUN_004033a4	false
00403150	FUN_00403150	0040327e	FUN_0040327e	false
00403150	FUN_00403150	0040335e	FUN_0040335e	false
00403150	FUN_00403150	004032e0	FUN_004032e0	false
00403150	FUN_00403150	004032d2	FUN_004032d2	false
00403270	FUN_00403270	0040be0c	Ordinal_706	false
0040327e	FUN_0040327e	0040be0c	Ordinal_706	false
0040328c	FUN_0040328c	0040be0c	Ordinal_706	false
0040329a	FUN_0040329a	0040be0c	Ordinal_706	false
004032a8	FUN_004032a8	0040c09a	Ordinal_582	false
004032b6	FUN_004032b6	0040c094	Ordinal_701	false
004032c4	FUN_004032c4	0040c094	Ordinal_701	false
004032d2	FUN_004032d2	0040c094	Ordinal_701	false
004032e0	FUN_004032e0	0040c094	Ordinal_701	false
004032ee	FUN_004032ee	00404820	FUN_00404820	false
004032fc	FUN_004032fc	00404820	FUN_00404820	false
0040330a	FUN_0040330a	00404820	FUN_00404820	false
00403318	FUN_00403318	00404820	FUN_00404820	false
00403326	FUN_00403326	00404820	FUN_00404820	false
00403334	FUN_00403334	0040c082	Ordinal_707	false
00403342	FUN_00403342	0040c07c	Ordinal_718	false
00403350	FUN_00403350	0040c076	Ordinal_624	false
0040335e	FUN_0040335e	00401140	FUN_00401140	false
0040336c	FUN_0040336c	00401140	FUN_00401140	false
0040337a	FUN_0040337a	0040be0c	Ordinal_706	false
00403388	FUN_00403388	0040be0c	Ordinal_706	false
00403396	FUN_00403396	0040a2f0	FUN_0040a2f0	false
004033a4	FUN_004033a4	0040a2f0	FUN_0040a2f0	false
004033b2	FUN_004033b2	0040c076	Ordinal_624	false
004033ca	FUN_004033ca	0040c070	Ordinal_675	false
00403490	FUN_00403490	0040bf7a	Ordinal_2081	false
00403490	FUN_00403490	EXTERNAL:00000105	SendMessageA	true
004034e0	FUN_004034e0	0040bf7a	Ordinal_2081	false
004034e0	FUN_004034e0	0040c0a0	Ordinal_5439	false
004034e0	FUN_004034e0	0040bf5c	Ordinal_2293	false
004034e0	FUN_004034e0	004037c0	FUN_004037c0	false
00403690	FUN_00403690	0040be30	Ordinal_762	false
00403690	FUN_00403690	0040bf62	Ordinal_1014	false
00403690	FUN_00403690	EXTERNAL:00000107	LoadIconA	true
00403690	FUN_00403690	0040bf68	Ordinal_1035	false
00403700	FUN_00403700	0040c0e8	Ordinal_481	false
00403700	FUN_00403700	00406cf0	FUN_00406cf0	false
00403700	FUN_00403700	0040c0ee	Ordinal_3656	false
00403700	FUN_00403700	004037b4	FUN_004037b4	false
00403700	FUN_00403700	0040be36	Ordinal_486	false
004037b4	FUN_004037b4	0040be0c	Ordinal_706	false
004037c0	FUN_004037c0	00403867	FUN_00403867	false
004037c0	FUN_004037c0	0040c0e8	Ordinal_481	false
004037c0	FUN_004037c0	0040c0ee	Ordinal_3656	false
004037c0	FUN_004037c0	00406ea0	FUN_00406ea0	false
004037c0	FUN_004037c0	0040be36	Ordinal_486	false
00403867	FUN_00403867	0040be0c	Ordinal_706	false
004038a3	FUN_004038a3	0040c100	Ordinal_781	false
004038a3	FUN_004038a3	00403a4e	FUN_00403a4e	false
004038a3	FUN_004038a3	00403a7b	FUN_00403a7b	false
004038a3	FUN_004038a3	0040c106	Ordinal_5194	false
004038a3	FUN_004038a3	0040be3c	Ordinal_336	false
004038a3	FUN_004038a3	0040bde8	Ordinal_2403	false
004038a3	FUN_004038a3	0040c0f4	Ordinal_1717	false
004038a3	FUN_004038a3	00403a46	FUN_00403a46	false
004038a3	FUN_004038a3	0040be12	Ordinal_1725	false
004038a3	FUN_004038a3	0040be42	Ordinal_340	false
004038a3	FUN_004038a3	0040be30	Ordinal_762	false
004038a3	FUN_004038a3	0040be4e	Ordinal_271	false
004038a3	FUN_004038a3	0040c0fa	Ordinal_5193	false
004038a3	FUN_004038a3	00403a69	FUN_00403a69	false
004038a3	FUN_004038a3	0040be2a	Ordinal_4619	false
004038a3	FUN_004038a3	0040be36	Ordinal_486	false
00403a46	FUN_00403a46	0040be0c	Ordinal_706	false
00403a4e	FUN_00403a4e	0040be48	Ordinal_537	false
00403a69	FUN_00403a69	004017d0	FUN_004017d0	false
00403a7b	FUN_00403a7b	0040be06	Ordinal_592	false
00403a90	FUN_00403a90	0040c10c	Ordinal_5191	false
00403a90	FUN_00403a90	00403cb7	FUN_00403cb7	false
00403a90	FUN_00403a90	0040bde8	Ordinal_2403	false
00403a90	FUN_00403a90	00403d30	FUN_00403d30	false
00403a90	FUN_00403a90	0040bdca	Ordinal_729	false
00403a90	FUN_00403a90	00404980	FUN_00404980	false
00403a90	FUN_00403a90	00403cd9	FUN_00403cd9	false
00403a90	FUN_00403a90	0040c0f4	Ordinal_1717	false
00403a90	FUN_00403a90	0040be12	Ordinal_1725	false
00403a90	FUN_00403a90	0040be42	Ordinal_340	false
00403a90	FUN_00403a90	00403caf	FUN_00403caf	false
00403a90	FUN_00403a90	00404000	FUN_00404000	false
00403a90	FUN_00403a90	0040be4e	Ordinal_271	false
00403a90	FUN_00403a90	0040be2a	Ordinal_4619	false
00403caf	FUN_00403caf	0040be48	Ordinal_537	false
00403cb7	FUN_00403cb7	0040be48	Ordinal_537	false
00403cd9	FUN_00403cd9	0040be06	Ordinal_592	false
00403d30	FUN_00403d30	00403f90	FUN_00403f90	false
00403d30	FUN_00403d30	0040c118	Ordinal_760	false
00403d30	FUN_00403d30	004014f0	FUN_004014f0	false
00403d30	FUN_00403d30	EXTERNAL:000000fc	InvalidateRect	true
00403d30	FUN_00403d30	0040c112	Ordinal_5610	false
00403d30	FUN_00403d30	00403ef0	FUN_00403ef0	false
00403d30	FUN_00403d30	00404040	FUN_00404040	false
00403d30	FUN_00403d30	0040a9f0	FUN_0040a9f0	false
00403ef0	FUN_00403ef0	0040be0c	Ordinal_706	false
00403f90	FUN_00403f90	0040c0e8	Ordinal_481	false
00404000	FUN_00404000	0040c10c	Ordinal_5191	false
00404040	FUN_00404040	004014f0	FUN_004014f0	false
00404040	FUN_00404040	EXTERNAL:000000fc	InvalidateRect	true
00404040	FUN_00404040	0040a140	FUN_0040a140	false
00404040	FUN_00404040	0040a9f0	FUN_0040a9f0	false
00404160	FUN_00404160	00404170	FUN_00404170	false
00404170	FUN_00404170	004012c0	FUN_004012c0	false
004043ab	FUN_004043ab	00401640	FUN_00401640	false
004043c0	FUN_004043c0	0040c136	Ordinal_2115	false
004043c0	FUN_004043c0	00404413	FUN_00404413	false
00404413	FUN_00404413	00401640	FUN_00401640	false
004044ff	FUN_004044ff	004043c0	FUN_004043c0	false
00404510	FUN_00404510	00404557	FUN_00404557	false
00404557	FUN_00404557	004043c0	FUN_004043c0	false
00404560	FUN_00404560	0040c094	Ordinal_701	false
00404560	FUN_00404560	0040bddc	Ordinal_731	false
00404580	FUN_00404580	0040c088	Ordinal_542	false
00404580	FUN_00404580	0040bddc	Ordinal_731	false
004045a0	FUN_004045a0	0040c09a	Ordinal_582	false
004045a0	FUN_004045a0	0040bddc	Ordinal_731	false
004045c0	FUN_004045c0	0040c0a6	Ordinal_509	false
004047de	FUN_004047de	00404510	FUN_00404510	false
004047e9	FUN_004047e9	00404510	FUN_00404510	false
004047f4	FUN_004047f4	00404510	FUN_00404510	false
004047ff	FUN_004047ff	00404510	FUN_00404510	false
00404814	FUN_00404814	0040c088	Ordinal_542	false
00404820	FUN_00404820	00404891	FUN_00404891	false
00404820	FUN_00404820	004048bc	FUN_004048bc	false
00404820	FUN_00404820	004048a7	FUN_004048a7	false
00404820	FUN_00404820	0040489c	FUN_0040489c	false
00404820	FUN_00404820	00404886	FUN_00404886	false
00404886	FUN_00404886	00404510	FUN_00404510	false
00404891	FUN_00404891	00404510	FUN_00404510	false
0040489c	FUN_0040489c	00404510	FUN_00404510	false
004048a7	FUN_004048a7	00404510	FUN_00404510	false
004048bc	FUN_004048bc	0040c088	Ordinal_542	false
00404980	FUN_00404980	0040c13c	Ordinal_2473	false
00404980	FUN_00404980	0040c118	Ordinal_760	false
00404980	FUN_00404980	00409ef0	FUN_00409ef0	false
00404980	FUN_00404980	0040c11e	Ordinal_3326	false
00404980	FUN_00404980	0040be36	Ordinal_486	false
00404980	FUN_00404980	00404a0d	FUN_00404a0d	false
00404a0d	FUN_00404a0d	0040be0c	Ordinal_706	false
00404a40	FUN_00404a40	00404a60	FUN_00404a60	false
00404a40	FUN_00404a40	0040bddc	Ordinal_731	false
00404a60	FUN_00404a60	00404aca	FUN_00404aca	false
00404a60	FUN_00404a60	00404ab5	FUN_00404ab5	false
00404a60	FUN_00404a60	0040bf5c	Ordinal_2293	false
00404ab5	FUN_00404ab5	0040be0c	Ordinal_706	false
00404aca	FUN_00404aca	00409fb0	FUN_00409fb0	false
00404bc0	FUN_00404bc0	0040c13c	Ordinal_2473	false
00404bc0	FUN_00404bc0	0040c118	Ordinal_760	false
00404bc0	FUN_00404bc0	0040c3f0	`eh_vector_constructor_iterator'	false
00404bc0	FUN_00404bc0	0040c11e	Ordinal_3326	false
00404bc0	FUN_00404bc0	00404c5a	FUN_00404c5a	false
00404c5a	FUN_00404c5a	0040be0c	Ordinal_706	false
00404c90	FUN_00404c90	00404cb0	FUN_00404cb0	false
00404c90	FUN_00404c90	0040bddc	Ordinal_731	false
00404cb0	FUN_00404cb0	00404d16	FUN_00404d16	false
00404cb0	FUN_00404cb0	0040bf5c	Ordinal_2293	false
00404cb0	FUN_00404cb0	00404d36	FUN_00404d36	false
00404d16	FUN_00404d16	0040c2c0	`eh_vector_destructor_iterator'	false
00404d36	FUN_00404d36	00401640	FUN_00401640	false
00404ea0	FUN_00404ea0	00404ec0	FUN_00404ec0	false
00404ea0	FUN_00404ea0	0040bddc	Ordinal_731	false
00404ec0	FUN_00404ec0	00404f4b	FUN_00404f4b	false
00404ec0	FUN_00404ec0	0040bddc	Ordinal_731	false
00404f4b	FUN_00404f4b	00401640	FUN_00401640	false
00404f60	FUN_00404f60	0040bdca	Ordinal_729	false
00404f60	FUN_00404f60	0040bdee	Ordinal_5656	false
00404f60	FUN_00404f60	0040bddc	Ordinal_731	false
00404f60	FUN_00404f60	0040bde2	Ordinal_4817	false
00405010	FUN_00405010	0040bddc	Ordinal_731	false
00405050	FUN_00405050	0040be3c	Ordinal_336	false
00405050	FUN_00405050	0040bdca	Ordinal_729	false
00405050	FUN_00405050	00405225	FUN_00405225	false
00405050	FUN_00405050	0040be12	Ordinal_1725	false
00405050	FUN_00405050	0040be42	Ordinal_340	false
00405050	FUN_00405050	0040bddc	Ordinal_731	false
00405050	FUN_00405050	0040be30	Ordinal_762	false
00405050	FUN_00405050	00405237	FUN_00405237	false
00405050	FUN_00405050	0040be1e	Ordinal_1061	false
00405050	FUN_00405050	0040be2a	Ordinal_4619	false
00405050	FUN_00405050	0040be18	Ordinal_4819	false
00405050	FUN_00405050	0040be36	Ordinal_486	false
00405050	FUN_00405050	0040be24	Ordinal_5003	false
00405225	FUN_00405225	004017d0	FUN_004017d0	false
00405237	FUN_00405237	0040be06	Ordinal_592	false
00405240	FUN_00405240	0040bdca	Ordinal_729	false
00405240	FUN_00405240	0040bddc	Ordinal_731	false
00405460	FUN_00405460	0040c0a6	Ordinal_509	false
00405460	FUN_00405460	0040a230	FUN_0040a230	false
00405460	FUN_00405460	0040c0be	Ordinal_439	false
00405460	FUN_00405460	0040be36	Ordinal_486	false
00405540	FUN_00405540	00405560	FUN_00405560	false
00405540	FUN_00405540	0040bddc	Ordinal_731	false
00405560	FUN_00405560	004055f7	FUN_004055f7	false
00405560	FUN_00405560	004055c3	FUN_004055c3	false
00405560	FUN_00405560	004055df	FUN_004055df	false
00405560	FUN_00405560	004055d1	FUN_004055d1	false
004055c3	FUN_004055c3	0040c094	Ordinal_701	false
004055d1	FUN_004055d1	0040be0c	Ordinal_706	false
004055df	FUN_004055df	0040a2f0	FUN_0040a2f0	false
004055f7	FUN_004055f7	0040c070	Ordinal_675	false
004056a0	FUN_004056a0	0040be30	Ordinal_762	false
004056a0	FUN_004056a0	0040bf62	Ordinal_1014	false
004056a0	FUN_004056a0	EXTERNAL:00000107	LoadIconA	true
004056a0	FUN_004056a0	0040c0ee	Ordinal_3656	false
004056a0	FUN_004056a0	0040be36	Ordinal_486	false
004056a0	FUN_004056a0	0040bf68	Ordinal_1035	false
004056a0	FUN_004056a0	0040575d	FUN_0040575d	false
0040575d	FUN_0040575d	0040be0c	Ordinal_706	false
004057b0	FUN_004057b0	0040c1cc	Ordinal_504	false
004058dc	FUN_004058dc	00405df0	FUN_00405df0	false
004058f4	FUN_004058f4	0040c1c6	Ordinal_721	false
00405910	FUN_00405910	004057b0	FUN_004057b0	false
00405920	FUN_00405920	0040c520	FUN_0040c520	false
0040596e	FUN_0040596e	00405df0	FUN_00405df0	false
00405982	FUN_00405982	0040c1c6	Ordinal_721	false
00405b5b	FUN_00405b5b	0040be0c	Ordinal_706	false
00405b70	FUN_00405b70	00408100	FUN_00408100	false
00405ba0	FUN_00405ba0	00408080	FUN_00408080	false
00405bd0	FUN_00405bd0	EXTERNAL:00000101	wsprintfA	true
00405bd0	FUN_00405bd0	00406e10	FUN_00406e10	false
00405bd0	FUN_00405bd0	004066c0	FUN_004066c0	false
00405bd0	FUN_00405bd0	00405ca6	FUN_00405ca6	false
00405bd0	FUN_00405bd0	00406800	FUN_00406800	false
00405ca6	FUN_00405ca6	00406750	FUN_00406750	false
00405cb0	FUN_00405cb0	EXTERNAL:0000010f	CreateFontA	true
00405cb0	FUN_00405cb0	0040c1fc	Ordinal_1426	false
00405ddf	FUN_00405ddf	004043c0	FUN_004043c0	false
00405df0	FUN_00405df0	00405e37	FUN_00405e37	false
00405e37	FUN_00405e37	004043c0	FUN_004043c0	false
00405f60	FUN_00405f60	0040c208	Ordinal_403	false
00405f80	FUN_00405f80	0040c520	FUN_0040c520	false
00405fb0	FUN_00405fb0	0040c21a	Ordinal_1067	false
00405fb0	FUN_00405fb0	0040c226	Ordinal_286	false
00405fb0	FUN_00405fb0	0040c220	Ordinal_2301	false
00406020	FUN_00406020	00406040	FUN_00406040	false
00406020	FUN_00406020	0040bddc	Ordinal_731	false
00406040	FUN_00406040	0040c22c	Ordinal_1081	false
00406040	FUN_00406040	00406093	FUN_00406093	false
00406093	FUN_00406093	0040c214	Ordinal_546	false
004060a0	FUN_004060a0	EXTERNAL:00000102	PostMessageA	true
004060a0	FUN_004060a0	0040c1b4	Ordinal_4096	false
004060a0	FUN_004060a0	0040bf68	Ordinal_1035	false
004060f0	FUN_004060f0	0040c232	Ordinal_3537	false
00406120	FUN_00406120	0040c232	Ordinal_3537	false
00406150	FUN_00406150	0040c232	Ordinal_3537	false
00406180	FUN_00406180	0040c232	Ordinal_3537	false
004061b0	FUN_004061b0	0040c232	Ordinal_3537	false
004062b0	FUN_004062b0	0040c0a6	Ordinal_509	false
004062b0	FUN_004062b0	0040a230	FUN_0040a230	false
004062b0	FUN_004062b0	0040c0be	Ordinal_439	false
004062b0	FUN_004062b0	0040be36	Ordinal_486	false
004063b0	FUN_004063b0	004063d0	FUN_004063d0	false
004063b0	FUN_004063b0	0040bddc	Ordinal_731	false
004063d0	FUN_004063d0	00406466	FUN_00406466	false
004063d0	FUN_004063d0	0040643c	FUN_0040643c	false
004063d0	FUN_004063d0	0040644a	FUN_0040644a	false
004063d0	FUN_004063d0	00406458	FUN_00406458	false
004063d0	FUN_004063d0	0040647e	FUN_0040647e	false
0040643c	FUN_0040643c	0040c094	Ordinal_701	false
0040644a	FUN_0040644a	0040a2f0	FUN_0040a2f0	false
00406458	FUN_00406458	0040be0c	Ordinal_706	false
00406466	FUN_00406466	0040be0c	Ordinal_706	false
0040647e	FUN_0040647e	0040c070	Ordinal_675	false
004064b0	FUN_004064b0	0040bf7a	Ordinal_2081	false
004064b0	FUN_004064b0	EXTERNAL:00000105	SendMessageA	true
00406500	FUN_00406500	0040bf7a	Ordinal_2081	false
00406500	FUN_00406500	0040bf5c	Ordinal_2293	false
004065d0	FUN_004065d0	0040be30	Ordinal_762	false
004065d0	FUN_004065d0	0040bf62	Ordinal_1014	false
004065d0	FUN_004065d0	EXTERNAL:00000107	LoadIconA	true
004065d0	FUN_004065d0	0040bf68	Ordinal_1035	false
00406730	FUN_00406730	00406750	FUN_00406750	false
00406730	FUN_00406730	0040bddc	Ordinal_731	false
00406750	FUN_00406750	EXTERNAL:00000111	RegCloseKey	true
00406750	FUN_00406750	004067ee	FUN_004067ee	false
00406750	FUN_00406750	0040bddc	Ordinal_731	false
004067ee	FUN_004067ee	00401640	FUN_00401640	false
00406800	FUN_00406800	0040bdca	Ordinal_729	false
00406800	FUN_00406800	EXTERNAL:00000114	RegCreateKeyExA	true
00406a90	FUN_00406a90	EXTERNAL:00000113	RegQueryValueExA	true
00406af0	FUN_00406af0	00406b8a	FUN_00406b8a	false
00406af0	FUN_00406af0	EXTERNAL:00000113	RegQueryValueExA	true
00406b8a	FUN_00406b8a	0040be0c	Ordinal_706	false
00406ba0	FUN_00406ba0	00406a90	FUN_00406a90	false
00406bd0	FUN_00406bd0	0040c0e8	Ordinal_481	false
00406bd0	FUN_00406bd0	00406af0	FUN_00406af0	false
00406bd0	FUN_00406bd0	00406c6b	FUN_00406c6b	false
00406c6b	FUN_00406c6b	0040be0c	Ordinal_706	false
00406c80	FUN_00406c80	00406a90	FUN_00406a90	false
00406cb0	FUN_00406cb0	00406ba0	FUN_00406ba0	false
00406cb0	FUN_00406cb0	00406e60	FUN_00406e60	false
00406cf0	FUN_00406cf0	0040c0e8	Ordinal_481	false
00406cf0	FUN_00406cf0	00406daf	FUN_00406daf	false
00406cf0	FUN_00406cf0	00406bd0	FUN_00406bd0	false
00406cf0	FUN_00406cf0	00406ea0	FUN_00406ea0	false
00406daf	FUN_00406daf	0040be0c	Ordinal_706	false
00406dc0	FUN_00406dc0	00406f40	FUN_00406f40	false
00406dc0	FUN_00406dc0	00406c80	FUN_00406c80	false
00406e10	FUN_00406e10	EXTERNAL:00000112	RegSetValueExA	true
00406e60	FUN_00406e60	EXTERNAL:00000112	RegSetValueExA	true
00406ea0	FUN_00406ea0	00406f30	FUN_00406f30	false
00406ea0	FUN_00406ea0	EXTERNAL:00000112	RegSetValueExA	true
00406f30	FUN_00406f30	0040be0c	Ordinal_706	false
00406f40	FUN_00406f40	EXTERNAL:00000112	RegSetValueExA	true
00406ff0	FUN_00406ff0	00407010	FUN_00407010	false
00406ff0	FUN_00406ff0	0040bddc	Ordinal_731	false
00407010	FUN_00407010	0040bddc	Ordinal_731	false
00407010	FUN_00407010	0040706e	FUN_0040706e	false
0040706e	FUN_0040706e	00401640	FUN_00401640	false
004070a0	FUN_004070a0	00407080	FUN_00407080	false
004070a0	FUN_004070a0	0040c0b8	Ordinal_374	false
004070a0	FUN_004070a0	0040bdc4	DirectSoundCreate	false
004070a0	FUN_004070a0	0040bf68	Ordinal_1035	false
00407270	FUN_00407270	00407290	FUN_00407290	false
00407270	FUN_00407270	0040bddc	Ordinal_731	false
00407290	FUN_00407290	00407bb0	FUN_00407bb0	false
00407290	FUN_00407290	00407920	FUN_00407920	false
00407290	FUN_00407290	00407308	FUN_00407308	false
00407290	FUN_00407290	0040732e	FUN_0040732e	false
00407290	FUN_00407290	00407316	FUN_00407316	false
00407308	FUN_00407308	0040c076	Ordinal_624	false
00407316	FUN_00407316	0040c076	Ordinal_624	false
0040732e	FUN_0040732e	00401640	FUN_00401640	false
00407360	FUN_00407360	00407340	FUN_00407340	false
00407360	FUN_00407360	00406f80	FUN_00406f80	false
00407360	FUN_00407360	0040c238	Ordinal_5110	false
00407360	FUN_00407360	00407804	FUN_00407804	false
00407360	FUN_00407360	0040bdca	Ordinal_729	false
00407360	FUN_00407360	0040be2a	Ordinal_4619	false
00407360	FUN_00407360	0040be18	Ordinal_4819	false
00407360	FUN_00407360	0040be42	Ordinal_340	false
00407804	FUN_00407804	0040be06	Ordinal_592	false
00407920	FUN_00407920	00407aa0	FUN_00407aa0	false
00407920	FUN_00407920	00407950	FUN_00407950	false
00407950	FUN_00407950	0040c0a0	Ordinal_5439	false
004079a0	FUN_004079a0	0040c23e	Ordinal_4960	false
004079a0	FUN_004079a0	00407ef0	FUN_00407ef0	false
00407b00	FUN_00407b00	00407aa0	FUN_00407aa0	false
00407b80	FUN_00407b80	00407bb0	FUN_00407bb0	false
00407bb0	FUN_00407bb0	00407b00	FUN_00407b00	false
00407bb0	FUN_00407bb0	0040c0a0	Ordinal_5439	false
00407bb0	FUN_00407bb0	00407920	FUN_00407920	false
00407c20	FUN_00407c20	00407b00	FUN_00407b00	false
00407c20	FUN_00407c20	0040c23e	Ordinal_4960	false
00407c70	FUN_00407c70	00407c20	FUN_00407c20	false
00407d70	FUN_00407d70	0040c244	Ordinal_2891	false
00407d70	FUN_00407d70	00407340	FUN_00407340	false
00407d70	FUN_00407d70	00407dfe	FUN_00407dfe	false
00407d70	FUN_00407d70	0040be2a	Ordinal_4619	false
00407d70	FUN_00407d70	0040be42	Ordinal_340	false
00407dfe	FUN_00407dfe	0040be06	Ordinal_592	false
00407e10	FUN_00407e10	00407360	FUN_00407360	false
00407e10	FUN_00407e10	00407d70	FUN_00407d70	false
00407e10	FUN_00407e10	0040c10c	Ordinal_5191	false
00407e10	FUN_00407e10	00407c70	FUN_00407c70	false
00407ec0	FUN_00407ec0	00407e10	FUN_00407e10	false
00407ef0	FUN_00407ef0	00407810	FUN_00407810	false
00407ef0	FUN_00407ef0	0040c10c	Ordinal_5191	false
00407ef0	FUN_00407ef0	00407e10	FUN_00407e10	false
00407ef0	FUN_00407ef0	0040bdca	Ordinal_729	false
00407ef0	FUN_00407ef0	00407ec0	FUN_00407ec0	false
00408069	FUN_00408069	00401640	FUN_00401640	false
00408080	FUN_00408080	00407810	FUN_00407810	false
00408080	FUN_00408080	00407e10	FUN_00407e10	false
00408100	FUN_00408100	00407aa0	FUN_00407aa0	false
004082d0	FUN_004082d0	004082f0	FUN_004082f0	false
004082d0	FUN_004082d0	0040bddc	Ordinal_731	false
004082f0	FUN_004082f0	0040c136	Ordinal_2115	false
004082f0	FUN_004082f0	0040834d	FUN_0040834d	false
0040834d	FUN_0040834d	004084e0	FUN_004084e0	false
00408360	FUN_00408360	EXTERNAL:0000010e	CreatePalette	true
00408360	FUN_00408360	0040c1fc	Ordinal_1426	false
00408360	FUN_00408360	0040bdca	Ordinal_729	false
00408360	FUN_00408360	0040bddc	Ordinal_731	false
004084cf	FUN_004084cf	004043c0	FUN_004043c0	false
004084e0	FUN_004084e0	00408527	FUN_00408527	false
00408527	FUN_00408527	004043c0	FUN_004043c0	false
00408600	FUN_00408600	00404420	FUN_00404420	false
00408600	FUN_00408600	0040c0b2	Ordinal_502	false
00408600	FUN_00408600	00409de0	FUN_00409de0	false
00408600	FUN_00408600	0040be30	Ordinal_762	false
00408600	FUN_00408600	0040c0b8	Ordinal_374	false
00408600	FUN_00408600	004042e0	FUN_004042e0	false
00408600	FUN_00408600	0040c0a6	Ordinal_509	false
00408600	FUN_00408600	0040a230	FUN_0040a230	false
00408600	FUN_00408600	0040c0be	Ordinal_439	false
00408600	FUN_00408600	0040be36	Ordinal_486	false
00408b70	FUN_00408b70	00408b90	FUN_00408b90	false
00408b70	FUN_00408b70	0040bddc	Ordinal_731	false
00408b90	FUN_00408b90	00408c92	FUN_00408c92	false
00408b90	FUN_00408b90	00408cd8	FUN_00408cd8	false
00408b90	FUN_00408b90	00408ce6	FUN_00408ce6	false
00408b90	FUN_00408b90	00408c84	FUN_00408c84	false
00408b90	FUN_00408b90	00408d52	FUN_00408d52	false
00408b90	FUN_00408b90	00408c68	FUN_00408c68	false
00408b90	FUN_00408b90	00408ca0	FUN_00408ca0	false
00408b90	FUN_00408b90	00408d2c	FUN_00408d2c	false
00408b90	FUN_00408b90	00408d3a	FUN_00408d3a	false
00408b90	FUN_00408b90	00408cbc	FUN_00408cbc	false
00408b90	FUN_00408b90	00408cca	FUN_00408cca	false
00408b90	FUN_00408b90	00408cae	FUN_00408cae	false
00408b90	FUN_00408b90	00408d1e	FUN_00408d1e	false
00408b90	FUN_00408b90	00408c76	FUN_00408c76	false
00408b90	FUN_00408b90	00408cf4	FUN_00408cf4	false
00408b90	FUN_00408b90	00408d10	FUN_00408d10	false
00408b90	FUN_00408b90	00408d02	FUN_00408d02	false
00408c68	FUN_00408c68	0040be0c	Ordinal_706	false
00408c76	FUN_00408c76	0040c094	Ordinal_701	false
00408c84	FUN_00408c84	0040be0c	Ordinal_706	false
00408c92	FUN_00408c92	0040be0c	Ordinal_706	false
00408ca0	FUN_00408ca0	0040c094	Ordinal_701	false
00408cae	FUN_00408cae	0040c094	Ordinal_701	false
00408cbc	FUN_00408cbc	0040c094	Ordinal_701	false
00408cca	FUN_00408cca	00404820	FUN_00404820	false
00408cd8	FUN_00408cd8	00404820	FUN_00404820	false
00408ce6	FUN_00408ce6	00404820	FUN_00404820	false
00408cf4	FUN_00408cf4	0040c09a	Ordinal_582	false
00408d02	FUN_00408d02	0040be0c	Ordinal_706	false
00408d10	FUN_00408d10	0040be0c	Ordinal_706	false
00408d1e	FUN_00408d1e	0040a2f0	FUN_0040a2f0	false
00408d2c	FUN_00408d2c	0040c07c	Ordinal_718	false
00408d3a	FUN_00408d3a	0040c076	Ordinal_624	false
00408d52	FUN_00408d52	0040c070	Ordinal_675	false
00408df0	FUN_00408df0	0040bf7a	Ordinal_2081	false
00408df0	FUN_00408df0	EXTERNAL:00000105	SendMessageA	true
00408e40	FUN_00408e40	0040bf7a	Ordinal_2081	false
00408e40	FUN_00408e40	0040c0a0	Ordinal_5439	false
00408e40	FUN_00408e40	0040bf5c	Ordinal_2293	false
00408e40	FUN_00408e40	004096c0	FUN_004096c0	false
004090b0	FUN_004090b0	0040c13c	Ordinal_2473	false
004090b0	FUN_004090b0	00409320	FUN_00409320	false
004090b0	FUN_004090b0	00409330	FUN_00409330	false
004090b0	FUN_004090b0	00409360	FUN_00409360	false
004090b0	FUN_004090b0	0040bf62	Ordinal_1014	false
004090b0	FUN_004090b0	0040c118	Ordinal_760	false
004090b0	FUN_004090b0	0040c25c	Ordinal_836	false
004090b0	FUN_004090b0	00409328	FUN_00409328	false
004090b0	FUN_004090b0	0040bde8	Ordinal_2403	false
004090b0	FUN_004090b0	0040c11e	Ordinal_3326	false
004090b0	FUN_004090b0	0040c0f4	Ordinal_1717	false
004090b0	FUN_004090b0	EXTERNAL:00000107	LoadIconA	true
004090b0	FUN_004090b0	0040be12	Ordinal_1725	false
004090b0	FUN_004090b0	0040bf68	Ordinal_1035	false
004090b0	FUN_004090b0	0040be42	Ordinal_340	false
004090b0	FUN_004090b0	0040934d	FUN_0040934d	false
004090b0	FUN_004090b0	0040c3f0	`eh_vector_constructor_iterator'	false
004090b0	FUN_004090b0	00409580	FUN_00409580	false
004090b0	FUN_004090b0	00409280	FUN_00409280	false
004090b0	FUN_004090b0	0040be4e	Ordinal_271	false
004090b0	FUN_004090b0	0040be2a	Ordinal_4619	false
004090b0	FUN_004090b0	0040be36	Ordinal_486	false
00409280	FUN_00409280	0040be48	Ordinal_537	false
00409320	FUN_00409320	0040be06	Ordinal_592	false
00409328	FUN_00409328	0040be0c	Ordinal_706	false
00409330	FUN_00409330	0040c2c0	`eh_vector_destructor_iterator'	false
0040934d	FUN_0040934d	0040be0c	Ordinal_706	false
00409360	FUN_00409360	00404bc0	FUN_00404bc0	false
00409360	FUN_00409360	0040be3c	Ordinal_336	false
00409360	FUN_00409360	0040bde8	Ordinal_2403	false
00409360	FUN_00409360	0040953f	FUN_0040953f	false
00409360	FUN_00409360	0040bdca	Ordinal_729	false
00409360	FUN_00409360	0040c0f4	Ordinal_1717	false
00409360	FUN_00409360	0040be12	Ordinal_1725	false
00409360	FUN_00409360	0040be42	Ordinal_340	false
00409360	FUN_00409360	00409569	FUN_00409569	false
00409360	FUN_00409360	0040be30	Ordinal_762	false
00409360	FUN_00409360	0040be4e	Ordinal_271	false
00409360	FUN_00409360	0040be2a	Ordinal_4619	false
00409360	FUN_00409360	00409557	FUN_00409557	false
00409360	FUN_00409360	0040be36	Ordinal_486	false
0040953f	FUN_0040953f	0040be48	Ordinal_537	false
00409557	FUN_00409557	004017d0	FUN_004017d0	false
00409569	FUN_00409569	0040be06	Ordinal_592	false
00409580	FUN_00409580	0040be30	Ordinal_762	false
00409580	FUN_00409580	00409694	FUN_00409694	false
00409580	FUN_00409580	0040c118	Ordinal_760	false
00409580	FUN_00409580	0040c25c	Ordinal_836	false
00409580	FUN_00409580	00409682	FUN_00409682	false
00409580	FUN_00409580	0040c268	Ordinal_5188	false
00409580	FUN_00409580	0040c262	Ordinal_5570	false
00409580	FUN_00409580	0040be36	Ordinal_486	false
00409580	FUN_00409580	0040c26e	Ordinal_483	false
00409682	FUN_00409682	0040be0c	Ordinal_706	false
00409694	FUN_00409694	0040be0c	Ordinal_706	false
004096f0	FUN_004096f0	0040b280	FUN_0040b280	false
004096f0	FUN_004096f0	0040c0e8	Ordinal_481	false
00409770	FUN_00409770	00409992	FUN_00409992	false
00409770	FUN_00409770	0040998a	FUN_0040998a	false
00409770	FUN_00409770	004099f0	FUN_004099f0	false
00409770	FUN_00409770	004099a7	FUN_004099a7	false
00409770	FUN_00409770	0040be4e	Ordinal_271	false
00409770	FUN_00409770	0040bde8	Ordinal_2403	false
00409770	FUN_00409770	0040bdca	Ordinal_729	false
00409770	FUN_00409770	00404980	FUN_00404980	false
00409770	FUN_00409770	0040be2a	Ordinal_4619	false
00409770	FUN_00409770	0040c0f4	Ordinal_1717	false
00409770	FUN_00409770	0040be12	Ordinal_1725	false
00409770	FUN_00409770	0040be42	Ordinal_340	false
0040998a	FUN_0040998a	0040be48	Ordinal_537	false
00409992	FUN_00409992	0040be48	Ordinal_537	false
004099a7	FUN_004099a7	0040be06	Ordinal_592	false
004099b0	FUN_004099b0	00409a20	FUN_00409a20	false
004099f0	FUN_004099f0	0040c10c	Ordinal_5191	false
00409a20	FUN_00409a20	0040a140	FUN_0040a140	false
00409a20	FUN_00409a20	0040a9f0	FUN_0040a9f0	false
00409a90	FUN_00409a90	004096f0	FUN_004096f0	false
00409de0	FUN_00409de0	0040c0a6	Ordinal_509	false
00409ef0	FUN_00409ef0	0040be36	Ordinal_486	false
00409f90	FUN_00409f90	00409fb0	FUN_00409fb0	false
00409f90	FUN_00409f90	0040bddc	Ordinal_731	false
00409fb0	FUN_00409fb0	0040a02a	FUN_0040a02a	false
00409fb0	FUN_00409fb0	0040bf5c	Ordinal_2293	false
00409fb0	FUN_00409fb0	0040a04a	FUN_0040a04a	false
00409fb0	FUN_00409fb0	0040a035	FUN_0040a035	false
0040a02a	FUN_0040a02a	0040be0c	Ordinal_706	false
0040a035	FUN_0040a035	0040be0c	Ordinal_706	false
0040a04a	FUN_0040a04a	00401640	FUN_00401640	false
0040a060	FUN_0040a060	004011c0	FUN_004011c0	false
0040a060	FUN_0040a060	0040c100	Ordinal_781	false
0040a060	FUN_0040a060	004010b0	FUN_004010b0	false
0040a060	FUN_0040a060	0040bdca	Ordinal_729	false
0040a060	FUN_0040a060	0040c142	Ordinal_784	false
0040a140	FUN_0040a140	004014f0	FUN_004014f0	false
0040a230	FUN_0040a230	0040c0a6	Ordinal_509	false
0040a230	FUN_0040a230	0040bf5c	Ordinal_2293	false
0040a230	FUN_0040a230	0040be36	Ordinal_486	false
0040a2d0	FUN_0040a2d0	0040a2f0	FUN_0040a2f0	false
0040a2d0	FUN_0040a2d0	0040bddc	Ordinal_731	false
0040a2f0	FUN_0040a2f0	0040a35a	FUN_0040a35a	false
0040a2f0	FUN_0040a2f0	0040bf5c	Ordinal_2293	false
0040a2f0	FUN_0040a2f0	0040a345	FUN_0040a345	false
0040a345	FUN_0040a345	0040be0c	Ordinal_706	false
0040a35a	FUN_0040a35a	0040c094	Ordinal_701	false
0040a370	FUN_0040a370	EXTERNAL:00000103	GetWindowRect	true
0040a370	FUN_0040a370	0040a6a0	FUN_0040a6a0	false
0040a370	FUN_0040a370	0040bf92	Ordinal_5490	false
0040a370	FUN_0040a370	0040bf7a	Ordinal_2081	false
0040a370	FUN_0040a370	0040c27a	Ordinal_2515	false
0040a370	FUN_0040a370	EXTERNAL:00000104	GetParent	true
0040a370	FUN_0040a370	EXTERNAL:000000fd	GetClientRect	true
0040a560	FUN_0040a560	0040a590	FUN_0040a590	false
0040a560	FUN_0040a560	0040bf68	Ordinal_1035	false
0040a590	FUN_0040a590	0040c28c	Ordinal_285	false
0040a590	FUN_0040a590	0040a619	FUN_0040a619	false
0040a590	FUN_0040a590	EXTERNAL:00000109	RealizePalette	true
0040a590	FUN_0040a590	0040c286	Ordinal_5127	false
0040a619	FUN_0040a619	0040c280	Ordinal_545	false
0040a630	FUN_0040a630	0040bf7a	Ordinal_2081	false
0040a630	FUN_0040a630	0040a9f0	FUN_0040a9f0	false
0040a6a0	FUN_0040a6a0	00404e30	FUN_00404e30	false
0040a6a0	FUN_0040a6a0	0040a7b0	FUN_0040a7b0	false
0040a6a0	FUN_0040a6a0	00405050	FUN_00405050	false
0040a6a0	FUN_0040a6a0	0040bdca	Ordinal_729	false
0040a6a0	FUN_0040a6a0	0040a800	FUN_0040a800	false
0040a7b0	FUN_0040a7b0	00405240	FUN_00405240	false
0040a7b0	FUN_0040a7b0	EXTERNAL:000000fd	GetClientRect	true
0040a800	FUN_0040a800	00405010	FUN_00405010	false
0040a800	FUN_0040a800	00408360	FUN_00408360	false
0040a800	FUN_0040a800	0040c28c	Ordinal_285	false
0040a800	FUN_0040a800	EXTERNAL:0000010d	DeleteObject	true
0040a800	FUN_0040a800	EXTERNAL:0000010a	CreateDIBSection	true
0040a800	FUN_0040a800	00408240	FUN_00408240	false
0040a800	FUN_0040a800	0040bdca	Ordinal_729	false
0040a800	FUN_0040a800	0040a9c6	FUN_0040a9c6	false
0040a800	FUN_0040a800	EXTERNAL:00000109	RealizePalette	true
0040a800	FUN_0040a800	0040bddc	Ordinal_731	false
0040a800	FUN_0040a800	0040c286	Ordinal_5127	false
0040a9c6	FUN_0040a9c6	0040c280	Ordinal_545	false
0040a9f0	FUN_0040a9f0	EXTERNAL:0000010c	BitBlt	true
0040a9f0	FUN_0040a9f0	0040c28c	Ordinal_285	false
0040a9f0	FUN_0040a9f0	00405380	FUN_00405380	false
0040a9f0	FUN_0040a9f0	EXTERNAL:000000f9	CopyRect	true
0040a9f0	FUN_0040a9f0	EXTERNAL:000000fd	GetClientRect	true
0040a9f0	FUN_0040a9f0	EXTERNAL:00000108	CreateCompatibleDC	true
0040a9f0	FUN_0040a9f0	EXTERNAL:00000110	DeleteDC	true
0040a9f0	FUN_0040a9f0	EXTERNAL:000000fb	IntersectRect	true
0040a9f0	FUN_0040a9f0	EXTERNAL:0000010b	SelectObject	true
0040a9f0	FUN_0040a9f0	0040ab42	FUN_0040ab42	false
0040a9f0	FUN_0040a9f0	0040c286	Ordinal_5127	false
0040ab42	FUN_0040ab42	0040c280	Ordinal_545	false
0040abc0	FUN_0040abc0	0040ad30	FUN_0040ad30	false
0040abc0	FUN_0040abc0	0040bddc	Ordinal_731	false
0040abe0	FUN_0040abe0	0040c0b2	Ordinal_502	false
0040abe0	FUN_0040abe0	0040c0ac	Ordinal_487	false
0040abe0	FUN_0040abe0	0040c0b8	Ordinal_374	false
0040abe0	FUN_0040abe0	0040ae30	FUN_0040ae30	false
0040abe0	FUN_0040abe0	004019a0	FUN_004019a0	false
0040abe0	FUN_0040abe0	00402970	FUN_00402970	false
0040ad30	FUN_0040ad30	0040adc5	FUN_0040adc5	false
0040ad30	FUN_0040ad30	0040adfd	FUN_0040adfd	false
0040ad30	FUN_0040ad30	0040ae0b	FUN_0040ae0b	false
0040ad30	FUN_0040ad30	0040ae23	FUN_0040ae23	false
0040ad30	FUN_0040ad30	0040adb7	FUN_0040adb7	false
0040ad30	FUN_0040ad30	0040ade1	FUN_0040ade1	false
0040ad30	FUN_0040ad30	0040add3	FUN_0040add3	false
0040ad30	FUN_0040ad30	0040adef	FUN_0040adef	false
0040adb7	FUN_0040adb7	0040c082	Ordinal_707	false
0040adc5	FUN_0040adc5	0040c07c	Ordinal_718	false
0040add3	FUN_0040add3	0040c07c	Ordinal_718	false
0040ade1	FUN_0040ade1	0040c076	Ordinal_624	false
0040adef	FUN_0040adef	0040c076	Ordinal_624	false
0040adfd	FUN_0040adfd	0040c076	Ordinal_624	false
0040ae0b	FUN_0040ae0b	00403150	FUN_00403150	false
0040ae23	FUN_0040ae23	00401aa0	FUN_00401aa0	false
0040ae30	FUN_0040ae30	0040c29e	Ordinal_5442	false
0040ae30	FUN_0040ae30	00401b60	FUN_00401b60	false
0040ae30	FUN_0040ae30	0040c298	Ordinal_5441	false
0040ae80	FUN_0040ae80	0040b570	FUN_0040b570	false
0040ae80	FUN_0040ae80	00401bc0	FUN_00401bc0	false
0040aef0	FUN_0040aef0	0040c0a0	Ordinal_5439	false
0040aef0	FUN_0040aef0	0040b310	FUN_0040b310	false
0040aef0	FUN_0040aef0	0040b7e0	FUN_0040b7e0	false
0040aef0	FUN_0040aef0	00401c70	FUN_00401c70	false
0040afb0	FUN_0040afb0	00401f40	FUN_00401f40	false
0040afb0	FUN_0040afb0	EXTERNAL:00000100	SetTimer	true
0040afb0	FUN_0040afb0	0040b0d0	FUN_0040b0d0	false
0040afb0	FUN_0040afb0	00401df0	FUN_00401df0	false
0040b0d0	FUN_0040b0d0	0040c100	Ordinal_781	false
0040b0d0	FUN_0040b0d0	0040c106	Ordinal_5194	false
0040b0d0	FUN_0040b0d0	0040b258	FUN_0040b258	false
0040b0d0	FUN_0040b0d0	0040bde8	Ordinal_2403	false
0040b0d0	FUN_0040b0d0	0040b26a	FUN_0040b26a	false
0040b0d0	FUN_0040b0d0	0040b250	FUN_0040b250	false
0040b0d0	FUN_0040b0d0	0040c0f4	Ordinal_1717	false
0040b0d0	FUN_0040b0d0	0040be12	Ordinal_1725	false
0040b0d0	FUN_0040b0d0	0040be42	Ordinal_340	false
0040b0d0	FUN_0040b0d0	0040c244	Ordinal_2891	false
0040b0d0	FUN_0040b0d0	0040be4e	Ordinal_271	false
0040b0d0	FUN_0040b0d0	0040c0fa	Ordinal_5193	false
0040b0d0	FUN_0040b0d0	0040be2a	Ordinal_4619	false
0040b0d0	FUN_0040b0d0	0040be36	Ordinal_486	false
0040b250	FUN_0040b250	0040be0c	Ordinal_706	false
0040b258	FUN_0040b258	0040be48	Ordinal_537	false
0040b26a	FUN_0040b26a	0040be06	Ordinal_592	false
0040b280	FUN_0040b280	0040c106	Ordinal_5194	false
0040b280	FUN_0040b280	0040b2fa	FUN_0040b2fa	false
0040b280	FUN_0040b280	0040c0fa	Ordinal_5193	false
0040b2fa	FUN_0040b2fa	0040be0c	Ordinal_706	false
0040b310	FUN_0040b310	00403f90	FUN_00403f90	false
0040b310	FUN_0040b310	0040c118	Ordinal_760	false
0040b310	FUN_0040b310	0040be3c	Ordinal_336	false
0040b310	FUN_0040b310	0040b55c	FUN_0040b55c	false
0040b310	FUN_0040b310	0040b554	FUN_0040b554	false
0040b310	FUN_0040b310	0040b517	FUN_0040b517	false
0040b310	FUN_0040b310	0040c142	Ordinal_784	false
0040b310	FUN_0040b310	0040c0f4	Ordinal_1717	false
0040b310	FUN_0040b310	0040be12	Ordinal_1725	false
0040b310	FUN_0040b310	0040be42	Ordinal_340	false
0040b310	FUN_0040b310	0040b51f	FUN_0040b51f	false
0040b310	FUN_0040b310	0040bdf4	Ordinal_2456	false
0040b310	FUN_0040b310	0040be30	Ordinal_762	false
0040b310	FUN_0040b310	0040b527	FUN_0040b527	false
0040b310	FUN_0040b310	0040be4e	Ordinal_271	false
0040b310	FUN_0040b310	0040b542	FUN_0040b542	false
0040b310	FUN_0040b310	0040be1e	Ordinal_1061	false
0040b310	FUN_0040b310	0040be2a	Ordinal_4619	false
0040b310	FUN_0040b310	0040be36	Ordinal_486	false
0040b310	FUN_0040b310	0040be24	Ordinal_5003	false
0040b517	FUN_0040b517	0040be0c	Ordinal_706	false
0040b51f	FUN_0040b51f	0040be0c	Ordinal_706	false
0040b527	FUN_0040b527	0040be48	Ordinal_537	false
0040b542	FUN_0040b542	004017d0	FUN_004017d0	false
0040b554	FUN_0040b554	0040be06	Ordinal_592	false
0040b570	FUN_0040b570	00403690	FUN_00403690	false
0040b570	FUN_0040b570	0040b5d0	FUN_0040b5d0	false
0040b570	FUN_0040b570	0040bf74	Ordinal_895	false
0040b5d0	FUN_0040b5d0	0040b7ca	FUN_0040b7ca	false
0040b5d0	FUN_0040b5d0	0040b7a0	FUN_0040b7a0	false
0040b5d0	FUN_0040b5d0	0040c10c	Ordinal_5191	false
0040b5d0	FUN_0040b5d0	0040be3c	Ordinal_336	false
0040b5d0	FUN_0040b5d0	0040bde8	Ordinal_2403	false
0040b5d0	FUN_0040b5d0	0040bdca	Ordinal_729	false
0040b5d0	FUN_0040b5d0	00404980	FUN_00404980	false
0040b5d0	FUN_0040b5d0	0040c0f4	Ordinal_1717	false
0040b5d0	FUN_0040b5d0	0040be12	Ordinal_1725	false
0040b5d0	FUN_0040b5d0	0040be42	Ordinal_340	false
0040b5d0	FUN_0040b5d0	0040c244	Ordinal_2891	false
0040b5d0	FUN_0040b5d0	0040be30	Ordinal_762	false
0040b5d0	FUN_0040b5d0	0040be4e	Ordinal_271	false
0040b5d0	FUN_0040b5d0	0040be2a	Ordinal_4619	false
0040b5d0	FUN_0040b5d0	0040be36	Ordinal_486	false
0040b5d0	FUN_0040b5d0	0040b7b8	FUN_0040b7b8	false
0040b7a0	FUN_0040b7a0	0040be48	Ordinal_537	false
0040b7b8	FUN_0040b7b8	004017d0	FUN_004017d0	false
0040b7ca	FUN_0040b7ca	0040be06	Ordinal_592	false
0040b7e0	FUN_0040b7e0	0040be3c	Ordinal_336	false
0040b7e0	FUN_0040b7e0	0040c148	Ordinal_5658	false
0040b7e0	FUN_0040b7e0	0040c2aa	Ordinal_3024	false
0040b7e0	FUN_0040b7e0	0040c0f4	Ordinal_1717	false
0040b7e0	FUN_0040b7e0	0040ba51	FUN_0040ba51	false
0040b7e0	FUN_0040b7e0	0040be12	Ordinal_1725	false
0040b7e0	FUN_0040b7e0	0040be42	Ordinal_340	false
0040b7e0	FUN_0040b7e0	0040bdf4	Ordinal_2456	false
0040b7e0	FUN_0040b7e0	0040be30	Ordinal_762	false
0040b7e0	FUN_0040b7e0	0040ba63	FUN_0040ba63	false
0040b7e0	FUN_0040b7e0	00409a90	FUN_00409a90	false
0040b7e0	FUN_0040b7e0	0040be4e	Ordinal_271	false
0040b7e0	FUN_0040b7e0	0040be2a	Ordinal_4619	false
0040b7e0	FUN_0040b7e0	0040be36	Ordinal_486	false
0040b7e0	FUN_0040b7e0	0040ba36	FUN_0040ba36	false
0040ba36	FUN_0040ba36	0040be48	Ordinal_537	false
0040ba51	FUN_0040ba51	004017d0	FUN_004017d0	false
0040ba63	FUN_0040ba63	0040be06	Ordinal_592	false
0040bbb0	FUN_0040bbb0	004090b0	FUN_004090b0	false
0040bbb0	FUN_0040bbb0	0040c106	Ordinal_5194	false
0040bbb0	FUN_0040bbb0	0040c10c	Ordinal_5191	false
0040bbb0	FUN_0040bbb0	004056a0	FUN_004056a0	false
0040bbb0	FUN_0040bbb0	0040c2aa	Ordinal_3024	false
0040bbb0	FUN_0040bbb0	0040bdca	Ordinal_729	false
0040bbb0	FUN_0040bbb0	00408600	FUN_00408600	false
0040bbb0	FUN_0040bbb0	00405460	FUN_00405460	false
0040bbb0	FUN_0040bbb0	0040bf74	Ordinal_895	false
0040bd30	FUN_0040bd30	0040bf7a	Ordinal_2081	false
0040bd30	FUN_0040bd30	EXTERNAL:000000ff	IsIconic	true
0040bd30	FUN_0040bd30	004022d0	FUN_004022d0	false
0040bd30	FUN_0040bd30	004022e0	FUN_004022e0	false
0040c2c0	`eh_vector_destructor_iterator'	0040c330	FUN_0040c330	false
0040c330	FUN_0040c330	0040c350	__ArrayUnwind	false
0040c3d0	FUN_0040c3d0	0040c6e8	terminate	false
0040c3f0	`eh_vector_constructor_iterator'	0040c460	FUN_0040c460	false
0040c460	FUN_0040c460	0040c350	__ArrayUnwind	false
0040c480	FUN_0040c480	EXTERNAL:000000ed	_onexit	true
0040c480	FUN_0040c480	0040c6ee	__dllonexit	false
0040c480	FUN_0040c480	EXTERNAL:000000f8	Sleep	true
0040c480	FUN_0040c480	EXTERNAL:000000f5	GetVersion	true
0040c520	FUN_0040c520	0040c480	FUN_0040c480	false
0040c540	entry	EXTERNAL:000000e3	__set_app_type	true
0040c540	entry	EXTERNAL:000000e4	__p__fmode	true
0040c540	entry	EXTERNAL:000000f0	exit	true
0040c540	entry	EXTERNAL:000000ec	__p__commode	true
0040c540	entry	0040c738	_WinMain@16	false
0040c540	entry	0040c700	__setdefaultprecision	false
0040c540	entry	0040c730	FUN_0040c730	false
0040c540	entry	EXTERNAL:000000f6	GetModuleHandleA	true
0040c540	entry	0040c6fa	initterm	false
0040c540	entry	EXTERNAL:000000f3	__getmainargs	true
0040c540	entry	EXTERNAL:000000e6	__setusermatherr	true
0040c540	entry	EXTERNAL:000000f7	GetStartupInfoA	true
0040c540	entry	EXTERNAL:000000f1	__p__acmdln	true
0040c700	__setdefaultprecision	0040c732	_controlfp	false
0040c738	_WinMain@16	0040c7a0	Ordinal_1368	false
0040c751	FUN_0040c751	EXTERNAL:000000e7	_setmbcp	true
0040c751	FUN_0040c751	0040bf68	Ordinal_1035	false
