entry	name	status	relpath	line_count	message
004010b0	FUN_004010b0	ok	functions/00001_004010b0_FUN_004010b0.c	19	
00401120	FUN_00401120	ok	functions/00002_00401120_FUN_00401120.c	12	
00401140	FUN_00401140	ok	functions/00003_00401140_FUN_00401140.c	25	
004011ae	FUN_004011ae	ok	functions/00004_004011ae_FUN_004011ae.c	11	
004011c0	FUN_004011c0	ok	functions/00005_004011c0_FUN_004011c0.c	48	
00401370	FUN_00401370	ok	functions/00006_00401370_FUN_00401370.c	109	
00401556	FUN_00401556	ok	functions/00007_00401556_FUN_00401556.c	11	
00401568	FUN_00401568	ok	functions/00008_00401568_FUN_00401568.c	9	
004016c0	FUN_004016c0	ok	functions/00009_004016c0_FUN_004016c0.c	14	
004016f0	FUN_004016f0	ok	functions/00010_004016f0_FUN_004016f0.c	79	
00401840	FUN_00401840	ok	functions/00011_00401840_FUN_00401840.c	9	
00401890	FUN_00401890	ok	functions/00012_00401890_FUN_00401890.c	20	
004018d7	FUN_004018d7	ok	functions/00013_004018d7_FUN_004018d7.c	11	
0040193f	FUN_0040193f	ok	functions/00014_0040193f_FUN_0040193f.c	11	
004019b2	FUN_004019b2	ok	functions/00015_004019b2_FUN_004019b2.c	9	
004019c7	FUN_004019c7	ok	functions/00016_004019c7_FUN_004019c7.c	11	
004019d0	FUN_004019d0	ok	functions/00017_004019d0_FUN_004019d0.c	22	
00401a1a	FUN_00401a1a	ok	functions/00018_00401a1a_FUN_00401a1a.c	9	
00401a2f	FUN_00401a2f	ok	functions/00019_00401a2f_FUN_00401a2f.c	11	
00401af0	FUN_00401af0	ok	functions/00020_00401af0_FUN_00401af0.c	20	
00401b60	FUN_00401b60	ok	functions/00021_00401b60_FUN_00401b60.c	12	
00401b80	FUN_00401b80	ok	functions/00022_00401b80_FUN_00401b80.c	29	
00401c0b	FUN_00401c0b	ok	functions/00023_00401c0b_FUN_00401c0b.c	11	
00401c20	FUN_00401c20	ok	functions/00024_00401c20_FUN_00401c20.c	32	
00401cd0	FUN_00401cd0	ok	functions/00025_00401cd0_FUN_00401cd0.c	14	
00401d10	FUN_00401d10	ok	functions/00026_00401d10_FUN_00401d10.c	102	
00401ee5	FUN_00401ee5	ok	functions/00027_00401ee5_FUN_00401ee5.c	11	
00401ef7	FUN_00401ef7	ok	functions/00028_00401ef7_FUN_00401ef7.c	9	
00401f00	FUN_00401f00	ok	functions/00029_00401f00_FUN_00401f00.c	50	
00402000	FUN_00402000	ok	functions/00030_00402000_FUN_00402000.c	19	
00402040	FUN_00402040	ok	functions/00031_00402040_FUN_00402040.c	12	
00402320	FUN_00402320	ok	functions/00032_00402320_FUN_00402320.c	21	
004023a0	FUN_004023a0	ok	functions/00033_004023a0_FUN_004023a0.c	12	
004023c0	FUN_004023c0	ok	functions/00034_004023c0_FUN_004023c0.c	20	
00402407	FUN_00402407	ok	functions/00035_00402407_FUN_00402407.c	9	
004024c0	FUN_004024c0	ok	functions/00036_004024c0_FUN_004024c0.c	12	
00402600	FUN_00402600	ok	functions/00037_00402600_FUN_00402600.c	9	
00402620	FUN_00402620	ok	functions/00038_00402620_FUN_00402620.c	9	
00402650	FUN_00402650	ok	functions/00039_00402650_FUN_00402650.c	23	
004026c0	FUN_004026c0	ok	functions/00040_004026c0_FUN_004026c0.c	12	
004026e0	FUN_004026e0	ok	functions/00041_004026e0_FUN_004026e0.c	22	
00402733	FUN_00402733	ok	functions/00042_00402733_FUN_00402733.c	9	
00402740	FUN_00402740	ok	functions/00043_00402740_FUN_00402740.c	16	
00402800	FUN_00402800	ok	functions/00044_00402800_FUN_00402800.c	12	
00402820	FUN_00402820	ok	functions/00045_00402820_FUN_00402820.c	35	
00402950	FUN_00402950	ok	functions/00046_00402950_FUN_00402950.c	33	
004029ce	FUN_004029ce	ok	functions/00047_004029ce_FUN_004029ce.c	9	
004029dc	FUN_004029dc	ok	functions/00048_004029dc_FUN_004029dc.c	9	
004029ea	FUN_004029ea	ok	functions/00049_004029ea_FUN_004029ea.c	11	
004029f8	FUN_004029f8	ok	functions/00050_004029f8_FUN_004029f8.c	11	
00402a06	FUN_00402a06	ok	functions/00051_00402a06_FUN_00402a06.c	11	
00402a14	FUN_00402a14	ok	functions/00052_00402a14_FUN_00402a14.c	11	
00402a2c	FUN_00402a2c	ok	functions/00053_00402a2c_FUN_00402a2c.c	11	
00402a40	FUN_00402a40	ok	functions/00054_00402a40_FUN_00402a40.c	9	
00402aa0	FUN_00402aa0	ok	functions/00055_00402aa0_FUN_00402aa0.c	25	
00402af0	FUN_00402af0	ok	functions/00056_00402af0_FUN_00402af0.c	20	
00402b50	FUN_00402b50	ok	functions/00057_00402b50_FUN_00402b50.c	21	
00402cf0	FUN_00402cf0	ok	functions/00058_00402cf0_FUN_00402cf0.c	22	
00402d50	FUN_00402d50	ok	functions/00059_00402d50_FUN_00402d50.c	105	
00402f13	FUN_00402f13	ok	functions/00060_00402f13_FUN_00402f13.c	9	
00402f2b	FUN_00402f2b	ok	functions/00061_00402f2b_FUN_00402f2b.c	11	
00402f3d	FUN_00402f3d	ok	functions/00062_00402f3d_FUN_00402f3d.c	9	
00402f60	FUN_00402f60	ok	functions/00063_00402f60_FUN_00402f60.c	12	
00402f90	FUN_00402f90	ok	functions/00064_00402f90_FUN_00402f90.c	52	
00403030	FUN_00403030	ok	functions/00065_00403030_FUN_00403030.c	62	
004030f3	FUN_004030f3	ok	functions/00066_004030f3_FUN_004030f3.c	9	
004031f0	FUN_004031f0	ok	functions/00067_004031f0_FUN_004031f0.c	88	
00403367	FUN_00403367	ok	functions/00068_00403367_FUN_00403367.c	9	
0040337f	FUN_0040337f	ok	functions/00069_0040337f_FUN_0040337f.c	11	
00403391	FUN_00403391	ok	functions/00070_00403391_FUN_00403391.c	9	
004033a0	FUN_004033a0	ok	functions/00071_004033a0_FUN_004033a0.c	31	
00403440	FUN_00403440	ok	functions/00072_00403440_FUN_00403440.c	48	
00403525	FUN_00403525	ok	functions/00073_00403525_FUN_00403525.c	9	
00403537	FUN_00403537	ok	functions/00074_00403537_FUN_00403537.c	9	
00403540	thunk_FUN_00409e20	ok	functions/00075_00403540_thunk_FUN_00409e20.c	8	
0040360d	FUN_0040360d	ok	functions/00076_0040360d_FUN_0040360d.c	9	
00403615	FUN_00403615	ok	functions/00077_00403615_FUN_00403615.c	9	
0040361d	FUN_0040361d	ok	functions/00078_0040361d_FUN_0040361d.c	9	
0040362f	FUN_0040362f	ok	functions/00079_0040362f_FUN_0040362f.c	9	
00403660	FUN_00403660	ok	functions/00080_00403660_FUN_00403660.c	13	
00403750	FUN_00403750	ok	functions/00081_00403750_FUN_00403750.c	18	
00403790	FUN_00403790	ok	functions/00082_00403790_FUN_00403790.c	32	
00403900	FUN_00403900	ok	functions/00083_00403900_FUN_00403900.c	31	
00403a00	FUN_00403a00	ok	functions/00084_00403a00_FUN_00403a00.c	12	
00403a20	FUN_00403a20	ok	functions/00085_00403a20_FUN_00403a20.c	29	
00403a8c	FUN_00403a8c	ok	functions/00086_00403a8c_FUN_00403a8c.c	9	
00403a9a	FUN_00403a9a	ok	functions/00087_00403a9a_FUN_00403a9a.c	11	
00403aa8	FUN_00403aa8	ok	functions/00088_00403aa8_FUN_00403aa8.c	9	
00403ab6	FUN_00403ab6	ok	functions/00089_00403ab6_FUN_00403ab6.c	9	
00403ace	FUN_00403ace	ok	functions/00090_00403ace_FUN_00403ace.c	9	
00403b00	FUN_00403b00	ok	functions/00091_00403b00_FUN_00403b00.c	20	
00403b50	FUN_00403b50	ok	functions/00092_00403b50_FUN_00403b50.c	11	
00403c20	FUN_00403c20	ok	functions/00093_00403c20_FUN_00403c20.c	27	
00403cd0	FUN_00403cd0	ok	functions/00094_00403cd0_FUN_00403cd0.c	11	
00403d00	FUN_00403d00	ok	functions/00095_00403d00_FUN_00403d00.c	11	
00403d30	FUN_00403d30	ok	functions/00096_00403d30_FUN_00403d30.c	11	
00403d60	FUN_00403d60	ok	functions/00097_00403d60_FUN_00403d60.c	11	
00403d90	FUN_00403d90	ok	functions/00098_00403d90_FUN_00403d90.c	11	
00403e90	FUN_00403e90	ok	functions/00099_00403e90_FUN_00403e90.c	29	
00403f30	FUN_00403f30	ok	functions/00100_00403f30_FUN_00403f30.c	12	
00403f50	FUN_00403f50	ok	functions/00101_00403f50_FUN_00403f50.c	24	
00403fa5	FUN_00403fa5	ok	functions/00102_00403fa5_FUN_00403fa5.c	9	
00403fba	FUN_00403fba	ok	functions/00103_00403fba_FUN_00403fba.c	9	
00403fd0	FUN_00403fd0	ok	functions/00104_00403fd0_FUN_00403fd0.c	63	
004041c0	FUN_004041c0	ok	functions/00105_004041c0_FUN_004041c0.c	20	
004041f0	FUN_004041f0	ok	functions/00106_004041f0_FUN_004041f0.c	36	
00404279	FUN_00404279	ok	functions/00107_00404279_FUN_00404279.c	9	
00404290	FUN_00404290	ok	functions/00108_00404290_FUN_00404290.c	10	
00404300	FUN_00404300	ok	functions/00109_00404300_FUN_00404300.c	69	
00404410	FUN_00404410	ok	functions/00110_00404410_FUN_00404410.c	17	
00404460	FUN_00404460	ok	functions/00111_00404460_FUN_00404460.c	109	
00404626	FUN_00404626	ok	functions/00112_00404626_FUN_00404626.c	9	
00404650	FUN_00404650	ok	functions/00113_00404650_FUN_00404650.c	63	
004047a2	FUN_004047a2	ok	functions/00114_004047a2_FUN_004047a2.c	9	
0040482b	FUN_0040482b	ok	functions/00115_0040482b_FUN_0040482b.c	11	
00404840	FUN_00404840	ok	functions/00116_00404840_FUN_00404840.c	22	
00404893	FUN_00404893	ok	functions/00117_00404893_FUN_00404893.c	11	
004048c0	FUN_004048c0	ok	functions/00118_004048c0_FUN_004048c0.c	26	
004049ec	FUN_004049ec	ok	functions/00119_004049ec_FUN_004049ec.c	11	
00404a04	FUN_00404a04	ok	functions/00120_00404a04_FUN_00404a04.c	9	
00404a30	FUN_00404a30	ok	functions/00121_00404a30_FUN_00404a30.c	9	
00404a40	FUN_00404a40	ok	functions/00122_00404a40_FUN_00404a40.c	9	
00404a8e	FUN_00404a8e	ok	functions/00123_00404a8e_FUN_00404a8e.c	9	
00404aa2	FUN_00404aa2	ok	functions/00124_00404aa2_FUN_00404aa2.c	9	
00404c40	FUN_00404c40	ok	functions/00125_00404c40_FUN_00404c40.c	12	
00404c70	FUN_00404c70	ok	functions/00126_00404c70_FUN_00404c70.c	9	
00404ca0	FUN_00404ca0	ok	functions/00127_00404ca0_FUN_00404ca0.c	38	
00404d76	FUN_00404d76	ok	functions/00128_00404d76_FUN_00404d76.c	11	
00404d80	FUN_00404d80	ok	functions/00129_00404d80_FUN_00404d80.c	12	
00404eaf	FUN_00404eaf	ok	functions/00130_00404eaf_FUN_00404eaf.c	11	
00404ec0	FUN_00404ec0	ok	functions/00131_00404ec0_FUN_00404ec0.c	20	
00404f07	FUN_00404f07	ok	functions/00132_00404f07_FUN_00404f07.c	11	
00404fe0	FUN_00404fe0	ok	functions/00133_00404fe0_FUN_00404fe0.c	105	
004055a0	FUN_004055a0	ok	functions/00134_004055a0_FUN_004055a0.c	12	
004055c0	FUN_004055c0	ok	functions/00135_004055c0_FUN_004055c0.c	51	
0040568f	FUN_0040568f	ok	functions/00136_0040568f_FUN_0040568f.c	9	
0040569d	FUN_0040569d	ok	functions/00137_0040569d_FUN_0040569d.c	9	
004056ab	FUN_004056ab	ok	functions/00138_004056ab_FUN_004056ab.c	9	
004056b9	FUN_004056b9	ok	functions/00139_004056b9_FUN_004056b9.c	9	
004056c7	FUN_004056c7	ok	functions/00140_004056c7_FUN_004056c7.c	9	
004056d5	FUN_004056d5	ok	functions/00141_004056d5_FUN_004056d5.c	9	
004056e3	FUN_004056e3	ok	functions/00142_004056e3_FUN_004056e3.c	9	
004056f1	FUN_004056f1	ok	functions/00143_004056f1_FUN_004056f1.c	9	
004056ff	FUN_004056ff	ok	functions/00144_004056ff_FUN_004056ff.c	9	
0040570d	FUN_0040570d	ok	functions/00145_0040570d_FUN_0040570d.c	9	
0040571b	FUN_0040571b	ok	functions/00146_0040571b_FUN_0040571b.c	11	
00405729	FUN_00405729	ok	functions/00147_00405729_FUN_00405729.c	9	
00405737	FUN_00405737	ok	functions/00148_00405737_FUN_00405737.c	9	
00405745	FUN_00405745	ok	functions/00149_00405745_FUN_00405745.c	11	
00405753	FUN_00405753	ok	functions/00150_00405753_FUN_00405753.c	9	
0040576b	FUN_0040576b	ok	functions/00151_0040576b_FUN_0040576b.c	9	
00405810	FUN_00405810	ok	functions/00152_00405810_FUN_00405810.c	20	
00405860	FUN_00405860	ok	functions/00153_00405860_FUN_00405860.c	13	
00405a90	FUN_00405a90	ok	functions/00154_00405a90_FUN_00405a90.c	18	
00405ac0	FUN_00405ac0	ok	functions/00155_00405ac0_FUN_00405ac0.c	17	
00405b10	FUN_00405b10	ok	functions/00156_00405b10_FUN_00405b10.c	15	
00405b40	FUN_00405b40	ok	functions/00157_00405b40_FUN_00405b40.c	8	
00405b50	FUN_00405b50	ok	functions/00158_00405b50_FUN_00405b50.c	102	
00405d1a	FUN_00405d1a	ok	functions/00159_00405d1a_FUN_00405d1a.c	9	
00405d2c	FUN_00405d2c	ok	functions/00160_00405d2c_FUN_00405d2c.c	9	
00405d34	FUN_00405d34	ok	functions/00161_00405d34_FUN_00405d34.c	12	
00405d50	FUN_00405d50	ok	functions/00162_00405d50_FUN_00405d50.c	90	
00405f01	FUN_00405f01	ok	functions/00163_00405f01_FUN_00405f01.c	9	
00405f19	FUN_00405f19	ok	functions/00164_00405f19_FUN_00405f19.c	11	
00405f2b	FUN_00405f2b	ok	functions/00165_00405f2b_FUN_00405f2b.c	9	
00405f40	FUN_00405f40	ok	functions/00166_00405f40_FUN_00405f40.c	13	
00405f60	FUN_00405f60	ok	functions/00167_00405f60_FUN_00405f60.c	13	
00405fa0	FUN_00405fa0	ok	functions/00168_00405fa0_FUN_00405fa0.c	38	
004060e0	FUN_004060e0	ok	functions/00169_004060e0_FUN_004060e0.c	13	
00406120	FUN_00406120	ok	functions/00170_00406120_FUN_00406120.c	21	
00406190	FUN_00406190	ok	functions/00171_00406190_FUN_00406190.c	21	
00406460	FUN_00406460	ok	functions/00172_00406460_FUN_00406460.c	45	
004065b0	FUN_004065b0	ok	functions/00173_004065b0_FUN_004065b0.c	9	
004065c0	FUN_004065c0	ok	functions/00174_004065c0_FUN_004065c0.c	9	
00406ad0	FUN_00406ad0	ok	functions/00175_00406ad0_FUN_00406ad0.c	18	
00406b30	FUN_00406b30	ok	functions/00176_00406b30_FUN_00406b30.c	19	
00406c0f	FUN_00406c0f	ok	functions/00177_00406c0f_FUN_00406c0f.c	11	
00406c20	FUN_00406c20	ok	functions/00178_00406c20_FUN_00406c20.c	20	
00406c67	FUN_00406c67	ok	functions/00179_00406c67_FUN_00406c67.c	11	
00406c70	FUN_00406c70	ok	functions/00180_00406c70_FUN_00406c70.c	20	
00406cd0	FUN_00406cd0	ok	functions/00181_00406cd0_FUN_00406cd0.c	12	
00406cf0	FUN_00406cf0	ok	functions/00182_00406cf0_FUN_00406cf0.c	12	
00406d10	FUN_00406d10	ok	functions/00183_00406d10_FUN_00406d10.c	10	
00406d70	FUN_00406d70	ok	functions/00184_00406d70_FUN_00406d70.c	37	
00406f8e	FUN_00406f8e	ok	functions/00185_00406f8e_FUN_00406f8e.c	11	
00406f99	FUN_00406f99	ok	functions/00186_00406f99_FUN_00406f99.c	11	
00406fa4	FUN_00406fa4	ok	functions/00187_00406fa4_FUN_00406fa4.c	11	
00406faf	FUN_00406faf	ok	functions/00188_00406faf_FUN_00406faf.c	11	
00406fc4	FUN_00406fc4	ok	functions/00189_00406fc4_FUN_00406fc4.c	9	
00406fd0	FUN_00406fd0	ok	functions/00190_00406fd0_FUN_00406fd0.c	28	
00407036	FUN_00407036	ok	functions/00191_00407036_FUN_00407036.c	11	
00407041	FUN_00407041	ok	functions/00192_00407041_FUN_00407041.c	11	
0040704c	FUN_0040704c	ok	functions/00193_0040704c_FUN_0040704c.c	11	
00407057	FUN_00407057	ok	functions/00194_00407057_FUN_00407057.c	11	
0040706c	FUN_0040706c	ok	functions/00195_0040706c_FUN_0040706c.c	9	
00407130	FUN_00407130	ok	functions/00196_00407130_FUN_00407130.c	33	
004071ca	FUN_004071ca	ok	functions/00197_004071ca_FUN_004071ca.c	9	
00407200	FUN_00407200	ok	functions/00198_00407200_FUN_00407200.c	12	
00407220	FUN_00407220	ok	functions/00199_00407220_FUN_00407220.c	30	
00407286	FUN_00407286	ok	functions/00200_00407286_FUN_00407286.c	11	
004072a6	FUN_004072a6	ok	functions/00201_004072a6_FUN_004072a6.c	11	
004072f0	FUN_004072f0	ok	functions/00202_004072f0_FUN_004072f0.c	18	
004073d0	FUN_004073d0	ok	functions/00203_004073d0_FUN_004073d0.c	34	
0040745d	FUN_0040745d	ok	functions/00204_0040745d_FUN_0040745d.c	9	
00407490	FUN_00407490	ok	functions/00205_00407490_FUN_00407490.c	12	
004074b0	FUN_004074b0	ok	functions/00206_004074b0_FUN_004074b0.c	24	
00407505	FUN_00407505	ok	functions/00207_00407505_FUN_00407505.c	9	
0040751a	FUN_0040751a	ok	functions/00208_0040751a_FUN_0040751a.c	11	
00407630	FUN_00407630	ok	functions/00209_00407630_FUN_00407630.c	25	
004076d0	FUN_004076d0	ok	functions/00210_004076d0_FUN_004076d0.c	12	
004076f0	FUN_004076f0	ok	functions/00211_004076f0_FUN_004076f0.c	30	
0040776a	FUN_0040776a	ok	functions/00212_0040776a_FUN_0040776a.c	9	
00407775	FUN_00407775	ok	functions/00213_00407775_FUN_00407775.c	9	
0040778a	FUN_0040778a	ok	functions/00214_0040778a_FUN_0040778a.c	11	
004077a0	FUN_004077a0	ok	functions/00215_004077a0_FUN_004077a0.c	43	
00407940	FUN_00407940	ok	functions/00216_00407940_FUN_00407940.c	9	
00407a30	FUN_00407a30	ok	functions/00217_00407a30_FUN_00407a30.c	97	
00407fd0	FUN_00407fd0	ok	functions/00218_00407fd0_FUN_00407fd0.c	12	
00407ff0	FUN_00407ff0	ok	functions/00219_00407ff0_FUN_00407ff0.c	61	
004080ec	FUN_004080ec	ok	functions/00220_004080ec_FUN_004080ec.c	9	
004080fa	FUN_004080fa	ok	functions/00221_004080fa_FUN_004080fa.c	9	
00408108	FUN_00408108	ok	functions/00222_00408108_FUN_00408108.c	9	
00408116	FUN_00408116	ok	functions/00223_00408116_FUN_00408116.c	9	
00408124	FUN_00408124	ok	functions/00224_00408124_FUN_00408124.c	9	
00408132	FUN_00408132	ok	functions/00225_00408132_FUN_00408132.c	9	
00408140	FUN_00408140	ok	functions/00226_00408140_FUN_00408140.c	9	
0040814e	FUN_0040814e	ok	functions/00227_0040814e_FUN_0040814e.c	9	
0040815c	FUN_0040815c	ok	functions/00228_0040815c_FUN_0040815c.c	9	
0040816a	FUN_0040816a	ok	functions/00229_0040816a_FUN_0040816a.c	9	
00408178	FUN_00408178	ok	functions/00230_00408178_FUN_00408178.c	9	
00408186	FUN_00408186	ok	functions/00231_00408186_FUN_00408186.c	9	
00408194	FUN_00408194	ok	functions/00232_00408194_FUN_00408194.c	9	
004081a2	FUN_004081a2	ok	functions/00233_004081a2_FUN_004081a2.c	9	
004081b0	FUN_004081b0	ok	functions/00234_004081b0_FUN_004081b0.c	9	
004081be	FUN_004081be	ok	functions/00235_004081be_FUN_004081be.c	9	
004081cc	FUN_004081cc	ok	functions/00236_004081cc_FUN_004081cc.c	9	
004081da	FUN_004081da	ok	functions/00237_004081da_FUN_004081da.c	9	
004081e8	FUN_004081e8	ok	functions/00238_004081e8_FUN_004081e8.c	9	
004081f6	FUN_004081f6	ok	functions/00239_004081f6_FUN_004081f6.c	9	
0040820e	FUN_0040820e	ok	functions/00240_0040820e_FUN_0040820e.c	9	
00408320	FUN_00408320	ok	functions/00241_00408320_FUN_00408320.c	25	
004083a0	FUN_004083a0	ok	functions/00242_004083a0_FUN_004083a0.c	26	
00408420	FUN_00408420	ok	functions/00243_00408420_FUN_00408420.c	21	
00408480	FUN_00408480	ok	functions/00244_00408480_FUN_00408480.c	18	
004084d0	FUN_004084d0	ok	functions/00245_004084d0_FUN_004084d0.c	28	
00408570	FUN_00408570	ok	functions/00246_00408570_FUN_00408570.c	12	
00408650	FUN_00408650	ok	functions/00247_00408650_FUN_00408650.c	23	
004086c0	FUN_004086c0	ok	functions/00248_004086c0_FUN_004086c0.c	8	
004086e0	FUN_004086e0	ok	functions/00249_004086e0_FUN_004086e0.c	8	
00408700	FUN_00408700	ok	functions/00250_00408700_FUN_00408700.c	13	
00408720	FUN_00408720	ok	functions/00251_00408720_FUN_00408720.c	8	
00408730	FUN_00408730	ok	functions/00252_00408730_FUN_00408730.c	18	
004087b0	FUN_004087b0	ok	functions/00253_004087b0_FUN_004087b0.c	21	
00408800	FUN_00408800	ok	functions/00254_00408800_FUN_00408800.c	168	
00408a67	FUN_00408a67	ok	functions/00255_00408a67_FUN_00408a67.c	9	
00408b90	FUN_00408b90	ok	functions/00256_00408b90_FUN_00408b90.c	16	
00408c10	FUN_00408c10	ok	functions/00257_00408c10_FUN_00408c10.c	21	
00408c80	FUN_00408c80	ok	functions/00258_00408c80_FUN_00408c80.c	12	
00408ca0	FUN_00408ca0	ok	functions/00259_00408ca0_FUN_00408ca0.c	32	
00408d3e	FUN_00408d3e	ok	functions/00260_00408d3e_FUN_00408d3e.c	11	
00408d50	FUN_00408d50	ok	functions/00261_00408d50_FUN_00408d50.c	318	
00408fe0	FUN_00408fe0	ok	functions/00262_00408fe0_FUN_00408fe0.c	24	
00409040	FUN_00409040	ok	functions/00263_00409040_FUN_00409040.c	14	
00409070	FUN_00409070	ok	functions/00264_00409070_FUN_00409070.c	14	
004090a0	FUN_004090a0	ok	functions/00265_004090a0_FUN_004090a0.c	19	
004090e0	FUN_004090e0	ok	functions/00266_004090e0_FUN_004090e0.c	21	
00409130	FUN_00409130	ok	functions/00267_00409130_FUN_00409130.c	32	
00409180	FUN_00409180	ok	functions/00268_00409180_FUN_00409180.c	21	
004091c0	FUN_004091c0	ok	functions/00269_004091c0_FUN_004091c0.c	21	
00409200	FUN_00409200	ok	functions/00270_00409200_FUN_00409200.c	25	
004092b0	FUN_004092b0	ok	functions/00271_004092b0_FUN_004092b0.c	12	
004092d0	FUN_004092d0	ok	functions/00272_004092d0_FUN_004092d0.c	24	
0040932d	FUN_0040932d	ok	functions/00273_0040932d_FUN_0040932d.c	11	
00409340	FUN_00409340	ok	functions/00274_00409340_FUN_00409340.c	16	
00409490	FUN_00409490	ok	functions/00275_00409490_FUN_00409490.c	12	
004094b0	FUN_004094b0	ok	functions/00276_004094b0_FUN_004094b0.c	19	
004094f1	FUN_004094f1	ok	functions/00277_004094f1_FUN_004094f1.c	9	
00409500	FUN_00409500	ok	functions/00278_00409500_FUN_00409500.c	31	
00409600	FUN_00409600	ok	functions/00279_00409600_FUN_00409600.c	29	
0040966c	FUN_0040966c	ok	functions/00280_0040966c_FUN_0040966c.c	9	
0040967a	FUN_0040967a	ok	functions/00281_0040967a_FUN_0040967a.c	11	
00409688	FUN_00409688	ok	functions/00282_00409688_FUN_00409688.c	11	
00409696	FUN_00409696	ok	functions/00283_00409696_FUN_00409696.c	9	
004096ae	FUN_004096ae	ok	functions/00284_004096ae_FUN_004096ae.c	9	
004096c0	FUN_004096c0	ok	functions/00285_004096c0_FUN_004096c0.c	24	
00409720	FUN_00409720	ok	functions/00286_00409720_FUN_00409720.c	19	
00409780	FUN_00409780	ok	functions/00287_00409780_FUN_00409780.c	23	
004097d0	FUN_004097d0	ok	functions/00288_004097d0_FUN_004097d0.c	52	
004098d0	FUN_004098d0	ok	functions/00289_004098d0_FUN_004098d0.c	23	
00409950	FUN_00409950	ok	functions/00290_00409950_FUN_00409950.c	59	
00409ba0	FUN_00409ba0	ok	functions/00291_00409ba0_FUN_00409ba0.c	39	
00409c30	FUN_00409c30	ok	functions/00292_00409c30_FUN_00409c30.c	20	
00409d50	FUN_00409d50	ok	functions/00293_00409d50_FUN_00409d50.c	28	
00409dd0	FUN_00409dd0	ok	functions/00294_00409dd0_FUN_00409dd0.c	20	
00409e20	FUN_00409e20	ok	functions/00295_00409e20_FUN_00409e20.c	8	
00409e30	FUN_00409e30	ok	functions/00296_00409e30_FUN_00409e30.c	9	
00409e50	FUN_00409e50	ok	functions/00297_00409e50_FUN_00409e50.c	46	
00409ed0	FUN_00409ed0	ok	functions/00298_00409ed0_FUN_00409ed0.c	58	
00409f90	FUN_00409f90	ok	functions/00299_00409f90_FUN_00409f90.c	26	
0040a33f	FUN_0040a33f	ok	functions/00300_0040a33f_FUN_0040a33f.c	11	
0040a3a0	Ordinal_4933	ok	functions/00301_0040a3a0_Ordinal_4933.c	9	
0040a480	FUN_0040a480	ok	functions/00302_0040a480_FUN_0040a480.c	31	
0040a580	FUN_0040a580	ok	functions/00303_0040a580_FUN_0040a580.c	12	
0040a5a0	FUN_0040a5a0	ok	functions/00304_0040a5a0_FUN_0040a5a0.c	32	
0040a628	FUN_0040a628	ok	functions/00305_0040a628_FUN_0040a628.c	9	
0040a636	FUN_0040a636	ok	functions/00306_0040a636_FUN_0040a636.c	11	
0040a644	FUN_0040a644	ok	functions/00307_0040a644_FUN_0040a644.c	11	
0040a652	FUN_0040a652	ok	functions/00308_0040a652_FUN_0040a652.c	9	
0040a66a	FUN_0040a66a	ok	functions/00309_0040a66a_FUN_0040a66a.c	9	
0040a6a0	FUN_0040a6a0	ok	functions/00310_0040a6a0_FUN_0040a6a0.c	21	
0040a7d0	FUN_0040a7d0	ok	functions/00311_0040a7d0_FUN_0040a7d0.c	22	
0040a840	FUN_0040a840	ok	functions/00312_0040a840_FUN_0040a840.c	12	
0040a860	FUN_0040a860	ok	functions/00313_0040a860_FUN_0040a860.c	24	
0040a8be	FUN_0040a8be	ok	functions/00314_0040a8be_FUN_0040a8be.c	11	
0040a8d0	FUN_0040a8d0	ok	functions/00315_0040a8d0_FUN_0040a8d0.c	13	
0040a8f0	FUN_0040a8f0	ok	functions/00316_0040a8f0_FUN_0040a8f0.c	97	
0040aac0	FUN_0040aac0	ok	functions/00317_0040aac0_FUN_0040aac0.c	12	
0040aae0	FUN_0040aae0	ok	functions/00318_0040aae0_FUN_0040aae0.c	30	
0040ab58	FUN_0040ab58	ok	functions/00319_0040ab58_FUN_0040ab58.c	9	
0040ab66	FUN_0040ab66	ok	functions/00320_0040ab66_FUN_0040ab66.c	9	
0040ab7e	FUN_0040ab7e	ok	functions/00321_0040ab7e_FUN_0040ab7e.c	11	
0040ab90	FUN_0040ab90	ok	functions/00322_0040ab90_FUN_0040ab90.c	20	
0040abb0	FUN_0040abb0	ok	functions/00323_0040abb0_FUN_0040abb0.c	308	
0040b054	FUN_0040b054	ok	functions/00324_0040b054_FUN_0040b054.c	9	
0040b060	FUN_0040b060	ok	functions/00325_0040b060_FUN_0040b060.c	50	
0040b170	FUN_0040b170	ok	functions/00326_0040b170_FUN_0040b170.c	22	
0040b1a0	FUN_0040b1a0	ok	functions/00327_0040b1a0_FUN_0040b1a0.c	25	
0040b1f0	FUN_0040b1f0	ok	functions/00328_0040b1f0_FUN_0040b1f0.c	31	
0040b2f0	FUN_0040b2f0	ok	functions/00329_0040b2f0_FUN_0040b2f0.c	20	
0040b350	FUN_0040b350	ok	functions/00330_0040b350_FUN_0040b350.c	36	
0040b3d0	FUN_0040b3d0	ok	functions/00331_0040b3d0_FUN_0040b3d0.c	12	
0040b400	FUN_0040b400	ok	functions/00332_0040b400_FUN_0040b400.c	27	
0040b470	FUN_0040b470	ok	functions/00333_0040b470_FUN_0040b470.c	17	
0040b4c0	FUN_0040b4c0	ok	functions/00334_0040b4c0_FUN_0040b4c0.c	51	
0040b5c0	FUN_0040b5c0	ok	functions/00335_0040b5c0_FUN_0040b5c0.c	38	
0040b64e	FUN_0040b64e	ok	functions/00336_0040b64e_FUN_0040b64e.c	9	
0040b660	FUN_0040b660	ok	functions/00337_0040b660_FUN_0040b660.c	40	
0040b710	FUN_0040b710	ok	functions/00338_0040b710_FUN_0040b710.c	14	
0040b740	FUN_0040b740	ok	functions/00339_0040b740_FUN_0040b740.c	59	
0040b8b9	FUN_0040b8b9	ok	functions/00340_0040b8b9_FUN_0040b8b9.c	11	
0040b8d0	FUN_0040b8d0	ok	functions/00341_0040b8d0_FUN_0040b8d0.c	24	
0040b950	FUN_0040b950	ok	functions/00342_0040b950_FUN_0040b950.c	27	
0040bab0	FUN_0040bab0	ok	functions/00343_0040bab0_FUN_0040bab0.c	33	
0040bbf0	FUN_0040bbf0	ok	functions/00344_0040bbf0_FUN_0040bbf0.c	12	
0040bc10	FUN_0040bc10	ok	functions/00345_0040bc10_FUN_0040bc10.c	31	
0040bc85	FUN_0040bc85	ok	functions/00346_0040bc85_FUN_0040bc85.c	9	
0040bc93	FUN_0040bc93	ok	functions/00347_0040bc93_FUN_0040bc93.c	11	
0040bca1	FUN_0040bca1	ok	functions/00348_0040bca1_FUN_0040bca1.c	11	
0040bcaf	FUN_0040bcaf	ok	functions/00349_0040bcaf_FUN_0040bcaf.c	11	
0040bcc7	FUN_0040bcc7	ok	functions/00350_0040bcc7_FUN_0040bcc7.c	9	
0040bcdf	FUN_0040bcdf	ok	functions/00351_0040bcdf_FUN_0040bcdf.c	9	
0040bd10	FUN_0040bd10	ok	functions/00352_0040bd10_FUN_0040bd10.c	21	
0040bec0	FUN_0040bec0	ok	functions/00353_0040bec0_FUN_0040bec0.c	24	
0040bf20	FUN_0040bf20	ok	functions/00354_0040bf20_FUN_0040bf20.c	148	
0040c2da	FUN_0040c2da	ok	functions/00355_0040c2da_FUN_0040c2da.c	9	
0040c2e2	FUN_0040c2e2	ok	functions/00356_0040c2e2_FUN_0040c2e2.c	9	
0040c2ea	FUN_0040c2ea	ok	functions/00357_0040c2ea_FUN_0040c2ea.c	9	
0040c2f2	FUN_0040c2f2	ok	functions/00358_0040c2f2_FUN_0040c2f2.c	9	
0040c2fa	FUN_0040c2fa	ok	functions/00359_0040c2fa_FUN_0040c2fa.c	9	
0040c302	FUN_0040c302	ok	functions/00360_0040c302_FUN_0040c302.c	9	
0040c30a	FUN_0040c30a	ok	functions/00361_0040c30a_FUN_0040c30a.c	9	
0040c312	FUN_0040c312	ok	functions/00362_0040c312_FUN_0040c312.c	9	
0040c31a	FUN_0040c31a	ok	functions/00363_0040c31a_FUN_0040c31a.c	9	
0040c32c	FUN_0040c32c	ok	functions/00364_0040c32c_FUN_0040c32c.c	9	
0040c340	FUN_0040c340	ok	functions/00365_0040c340_FUN_0040c340.c	20	
0040c450	FUN_0040c450	ok	functions/00366_0040c450_FUN_0040c450.c	20	
0040c4e0	FUN_0040c4e0	ok	functions/00367_0040c4e0_FUN_0040c4e0.c	12	
0040c500	FUN_0040c500	ok	functions/00368_0040c500_FUN_0040c500.c	24	
0040c55d	FUN_0040c55d	ok	functions/00369_0040c55d_FUN_0040c55d.c	11	
0040c570	FUN_0040c570	ok	functions/00370_0040c570_FUN_0040c570.c	59	
0040c6df	FUN_0040c6df	ok	functions/00371_0040c6df_FUN_0040c6df.c	11	
0040c6f0	FUN_0040c6f0	ok	functions/00372_0040c6f0_FUN_0040c6f0.c	20	
0040c737	FUN_0040c737	ok	functions/00373_0040c737_FUN_0040c737.c	11	
0040c740	DirectSoundCreate	ok	functions/00374_0040c740_DirectSoundCreate.c	11	
0040c746	Ordinal_729	ok	functions/00375_0040c746_Ordinal_729.c	11	
0040c74c	Ordinal_265	ok	functions/00376_0040c74c_Ordinal_265.c	11	
0040c758	Ordinal_731	ok	functions/00377_0040c758_Ordinal_731.c	11	
0040c75e	Ordinal_4817	ok	functions/00378_0040c75e_Ordinal_4817.c	11	
0040c764	Ordinal_2403	ok	functions/00379_0040c764_Ordinal_2403.c	11	
0040c76a	Ordinal_5656	ok	functions/00380_0040c76a_Ordinal_5656.c	11	
0040c770	Ordinal_2456	ok	functions/00381_0040c770_Ordinal_2456.c	11	
0040c782	Ordinal_592	ok	functions/00382_0040c782_Ordinal_592.c	11	
0040c788	Ordinal_706	ok	functions/00383_0040c788_Ordinal_706.c	11	
0040c78e	Ordinal_1725	ok	functions/00384_0040c78e_Ordinal_1725.c	11	
0040c794	Ordinal_4819	ok	functions/00385_0040c794_Ordinal_4819.c	11	
0040c79a	Ordinal_1061	ok	functions/00386_0040c79a_Ordinal_1061.c	11	
0040c7a0	Ordinal_5003	ok	functions/00387_0040c7a0_Ordinal_5003.c	11	
0040c7a6	Ordinal_4619	ok	functions/00388_0040c7a6_Ordinal_4619.c	11	
0040c7ac	Ordinal_762	ok	functions/00389_0040c7ac_Ordinal_762.c	11	
0040c7b2	Ordinal_486	ok	functions/00390_0040c7b2_Ordinal_486.c	11	
0040c7b8	Ordinal_336	ok	functions/00391_0040c7b8_Ordinal_336.c	11	
0040c7be	Ordinal_340	ok	functions/00392_0040c7be_Ordinal_340.c	11	
0040c7c4	Ordinal_537	ok	functions/00393_0040c7c4_Ordinal_537.c	11	
0040c7ca	Ordinal_271	ok	functions/00394_0040c7ca_Ordinal_271.c	11	
0040c80c	Ordinal_5647	ok	functions/00395_0040c80c_Ordinal_5647.c	11	
0040c8d2	Ordinal_701	ok	functions/00396_0040c8d2_Ordinal_701.c	11	
0040c8de	Ordinal_509	ok	functions/00397_0040c8de_Ordinal_509.c	11	
0040c8e4	Ordinal_1842	ok	functions/00398_0040c8e4_Ordinal_1842.c	11	
0040c8ea	Ordinal_2081	ok	functions/00399_0040c8ea_Ordinal_2081.c	11	
0040c8f0	Ordinal_403	ok	functions/00400_0040c8f0_Ordinal_403.c	11	
0040c8f6	Ordinal_651	ok	functions/00401_0040c8f6_Ordinal_651.c	11	
0040c8fc	Ordinal_546	ok	functions/00402_0040c8fc_Ordinal_546.c	11	
0040c902	Ordinal_1067	ok	functions/00403_0040c902_Ordinal_1067.c	11	
0040c908	Ordinal_2301	ok	functions/00404_0040c908_Ordinal_2301.c	11	
0040c90e	Ordinal_286	ok	functions/00405_0040c90e_Ordinal_286.c	11	
0040c914	Ordinal_1081	ok	functions/00406_0040c914_Ordinal_1081.c	11	
0040c91a	Ordinal_4096	ok	functions/00407_0040c91a_Ordinal_4096.c	11	
0040c920	Ordinal_1035	ok	functions/00408_0040c920_Ordinal_1035.c	11	
0040c94a	Ordinal_624	ok	functions/00409_0040c94a_Ordinal_624.c	11	
0040c950	Ordinal_374	ok	functions/00410_0040c950_Ordinal_374.c	11	
0040c956	Ordinal_5439	ok	functions/00411_0040c956_Ordinal_5439.c	11	
0040c95c	Ordinal_895	ok	functions/00412_0040c95c_Ordinal_895.c	11	
0040c962	Ordinal_5492	ok	functions/00413_0040c962_Ordinal_5492.c	11	
0040c968	Ordinal_3656	ok	functions/00414_0040c968_Ordinal_3656.c	11	
0040c96e	Ordinal_1717	ok	functions/00415_0040c96e_Ordinal_1717.c	11	
0040c974	Ordinal_5191	ok	functions/00416_0040c974_Ordinal_5191.c	11	
0040c97a	Ordinal_2891	ok	functions/00417_0040c97a_Ordinal_2891.c	11	
0040c980	Ordinal_4993	ok	functions/00418_0040c980_Ordinal_4993.c	11	
0040c986	Ordinal_760	ok	functions/00419_0040c986_Ordinal_760.c	11	
0040c98c	Ordinal_4960	ok	functions/00420_0040c98c_Ordinal_4960.c	11	
0040c992	Ordinal_2293	ok	functions/00421_0040c992_Ordinal_2293.c	11	
0040c998	Ordinal_817	ok	functions/00422_0040c998_Ordinal_817.c	11	
0040c99e	Ordinal_481	ok	functions/00423_0040c99e_Ordinal_481.c	11	
0040c9fe	Ordinal_675	ok	functions/00424_0040c9fe_Ordinal_675.c	11	
0040ca04	Ordinal_439	ok	functions/00425_0040ca04_Ordinal_439.c	11	
0040ca0a	Ordinal_2008	ok	functions/00426_0040ca0a_Ordinal_2008.c	11	
0040ca10	Ordinal_4450	ok	functions/00427_0040ca10_Ordinal_4450.c	11	
0040ca16	Ordinal_4173	ok	functions/00428_0040ca16_Ordinal_4173.c	11	
0040ca1c	Ordinal_1014	ok	functions/00429_0040ca1c_Ordinal_1014.c	11	
0040ca22	Ordinal_4205	ok	functions/00430_0040ca22_Ordinal_4205.c	11	
0040ca28	Ordinal_4429	ok	functions/00431_0040ca28_Ordinal_4429.c	11	
0040ca2e	Ordinal_3537	ok	functions/00432_0040ca2e_Ordinal_3537.c	11	
0040ca34	Ordinal_5490	ok	functions/00433_0040ca34_Ordinal_5490.c	11	
0040ca3a	Ordinal_2515	ok	functions/00434_0040ca3a_Ordinal_2515.c	11	
0040ca40	Ordinal_545	ok	functions/00435_0040ca40_Ordinal_545.c	11	
0040ca46	Ordinal_5127	ok	functions/00436_0040ca46_Ordinal_5127.c	11	
0040ca4c	Ordinal_285	ok	functions/00437_0040ca4c_Ordinal_285.c	11	
0040ca58	Ordinal_2115	ok	functions/00438_0040ca58_Ordinal_2115.c	11	
0040cad0	Ordinal_721	ok	functions/00439_0040cad0_Ordinal_721.c	11	
0040cad6	Ordinal_504	ok	functions/00440_0040cad6_Ordinal_504.c	11	
0040cadc	Ordinal_4869	ok	functions/00441_0040cadc_Ordinal_4869.c	11	
0040cae2	Ordinal_5630	ok	functions/00442_0040cae2_Ordinal_5630.c	11	
0040cae8	Ordinal_5055	ok	functions/00443_0040cae8_Ordinal_5055.c	11	
0040caee	Ordinal_5056	ok	functions/00444_0040caee_Ordinal_5056.c	11	
0040caf4	Ordinal_2299	ok	functions/00445_0040caf4_Ordinal_2299.c	11	
0040cafa	Ordinal_1060	ok	functions/00446_0040cafa_Ordinal_1060.c	11	
0040cb00	Ordinal_1066	ok	functions/00447_0040cb00_Ordinal_1066.c	11	
0040cb06	Ordinal_1426	ok	functions/00448_0040cb06_Ordinal_1426.c	11	
0040cb0c	Ordinal_2390	ok	functions/00449_0040cb0c_Ordinal_2390.c	11	
0040cb3c	Ordinal_542	ok	functions/00450_0040cb3c_Ordinal_542.c	11	
0040cb42	Ordinal_582	ok	functions/00451_0040cb42_Ordinal_582.c	11	
0040cb48	Ordinal_1996	ok	functions/00452_0040cb48_Ordinal_1996.c	11	
0040cb4e	Ordinal_2072	ok	functions/00453_0040cb4e_Ordinal_2072.c	11	
0040cb54	Ordinal_1440	ok	functions/00454_0040cb54_Ordinal_1440.c	11	
0040cb5a	Ordinal_836	ok	functions/00455_0040cb5a_Ordinal_836.c	11	
0040cb60	Ordinal_5610	ok	functions/00456_0040cb60_Ordinal_5610.c	11	
0040cb66	Ordinal_3326	ok	functions/00457_0040cb66_Ordinal_3326.c	11	
0040cb72	Ordinal_1449	ok	functions/00458_0040cb72_Ordinal_1449.c	11	
0040cb9c	Ordinal_2327	ok	functions/00459_0040cb9c_Ordinal_2327.c	11	
0040cba8	Ordinal_2473	ok	functions/00460_0040cba8_Ordinal_2473.c	11	
0040cbae	Ordinal_781	ok	functions/00461_0040cbae_Ordinal_781.c	11	
0040cbb4	Ordinal_784	ok	functions/00462_0040cbb4_Ordinal_784.c	11	
0040cbba	Ordinal_678	ok	functions/00463_0040cbba_Ordinal_678.c	11	
0040cbc0	Ordinal_392	ok	functions/00464_0040cbc0_Ordinal_392.c	11	
0040cbc6	Ordinal_447	ok	functions/00465_0040cbc6_Ordinal_447.c	11	
0040cbcc	Ordinal_1835	ok	functions/00466_0040cbcc_Ordinal_1835.c	11	
0040cbd2	Ordinal_2530	ok	functions/00467_0040cbd2_Ordinal_2530.c	11	
0040cbd8	Ordinal_4933	ok	functions/00468_0040cbd8_Ordinal_4933.c	11	
0040cbde	Ordinal_3900	ok	functions/00469_0040cbde_Ordinal_3900.c	11	
0040cbe4	Ordinal_5181	ok	functions/00470_0040cbe4_Ordinal_5181.c	11	
0040cbea	Ordinal_4178	ok	functions/00471_0040cbea_Ordinal_4178.c	11	
0040cc02	Ordinal_5110	ok	functions/00472_0040cc02_Ordinal_5110.c	11	
0040cc08	Ordinal_569	ok	functions/00473_0040cc08_Ordinal_569.c	11	
0040cc0e	Ordinal_2106	ok	functions/00474_0040cc0e_Ordinal_2106.c	11	
0040cc14	Ordinal_5125	ok	functions/00475_0040cc14_Ordinal_5125.c	11	
0040cc1a	Ordinal_5569	ok	functions/00476_0040cc1a_Ordinal_5569.c	11	
0040cc20	Ordinal_5188	ok	functions/00477_0040cc20_Ordinal_5188.c	11	
0040cc26	Ordinal_483	ok	functions/00478_0040cc26_Ordinal_483.c	11	
0040cc2c	Ordinal_5207	ok	functions/00479_0040cc2c_Ordinal_5207.c	11	
0040cc32	Ordinal_1425	ok	functions/00480_0040cc32_Ordinal_1425.c	11	
0040cc38	Ordinal_314	ok	functions/00481_0040cc38_Ordinal_314.c	11	
0040cc44	__CxxFrameHandler	ok	functions/00482_0040cc44___CxxFrameHandler.c	11	
0040cc50	FUN_0040cc50	ok	functions/00483_0040cc50_FUN_0040cc50.c	34	
0040ccf0	FUN_0040ccf0	ok	functions/00484_0040ccf0_FUN_0040ccf0.c	11	
0040cd10	`eh_vector_destructor_iterator'	ok	functions/00485_0040cd10__eh_vector_destructor_iterator_.c	33	
0040cd80	FUN_0040cd80	ok	functions/00486_0040cd80_FUN_0040cd80.c	14	
0040cda0	__ArrayUnwind	ok	functions/00487_0040cda0___ArrayUnwind.c	29	
0040ce20	FUN_0040ce20	ok	functions/00488_0040ce20_FUN_0040ce20.c	12	
0040ce40	`eh_vector_constructor_iterator'	ok	functions/00489_0040ce40__eh_vector_constructor_iterator_.c	39	
0040ceb0	FUN_0040ceb0	ok	functions/00490_0040ceb0_FUN_0040ceb0.c	14	
0040ced0	entry	ok	functions/00491_0040ced0_entry.c	87	
0040d072	__dllonexit	ok	functions/00492_0040d072___dllonexit.c	11	
0040d07e	terminate	ok	functions/00493_0040d07e_terminate.c	12	
0040d084	_XcptFilter	ok	functions/00494_0040d084__XcptFilter.c	13	
0040d08a	initterm	ok	functions/00495_0040d08a_initterm.c	11	
0040d090	__setdefaultprecision	ok	functions/00496_0040d090___setdefaultprecision.c	14	
0040d0c0	FUN_0040d0c0	ok	functions/00497_0040d0c0_FUN_0040d0c0.c	8	
0040d0c2	_controlfp	ok	functions/00498_0040d0c2__controlfp.c	13	
0040d0c8	_WinMain@16	ok	functions/00499_0040d0c8__WinMain_16.c	14	
0040d0e1	FUN_0040d0e1	ok	functions/00500_0040d0e1_FUN_0040d0e1.c	16	
0040d130	Ordinal_1368	ok	functions/00501_0040d130_Ordinal_1368.c	11	
